frame,angle_deg,distance_cm
0,0.2,9.4
1,2.7,8.9
2,5.5,9.0
3,7.4,9.0
4,10.7,9.3
5,11.8,9.5
6,12.2,9.6
7,12.5,9.9
8,14.4,10.1
9,14.2,11.0
10,14.2,11.0
11,20.1,12.5
12,20.7,12.7
13,22.4,13.5
14,24.3,13.4
15,26.6,14.7
16,27.2,15.2
17,27.6,15.3
18,30.0,16.5
19,31.2,16.2
20,31.6,16.7
21,30.8,18.7
22,31.1,18.9
23,31.2,20.0
24,31.0,20.6
25,31.4,21.2
26,31.1,21.3
27,32.0,22.2
28,32.2,22.8
29,32.6,24.2
30,32.8,24.3
31,32.4,24.6
32,32.4,24.6
33,33.2,26.2
34,33.2,27.3
35,35.9,27.1
36,33.8,28.8
37,33.8,28.8
38,34.1,29.8
39,34.2,30.4
40,34.5,31.3
41,34.7,31.2
42,35.1,32.3
43,35.4,33.0
44,35.9,34.2
45,36.0,34.2
46,36.1,35.0
47,36.5,35.3
48,36.5,35.6
49,36.5,35.6
50,36.3,35.7
51,36.3,35.8
52,36.3,36.1
53,36.2,36.0
54,36.1,35.4
55,36.0,35.2
56,35.8,35.2
57,35.5,35.1
58,34.4,34.2
59,34.2,34.5
60,33.8,34.5
61,32.7,34.0
62,32.7,34.0
63,31.3,32.9
64,31.0,32.9
65,30.4,32.2
66,30.2,31.3
67,29.8,30.9
68,29.5,29.9
69,29.4,29.1
70,29.1,28.3
71,28.3,26.8
72,27.7,25.3
73,27.1,24.6
74,26.7,24.0
75,25.0,21.9
76,24.6,21.4
77,23.3,19.5
78,22.9,19.1
79,21.9,18.1
80,21.6,17.7
81,19.9,15.5
82,19.7,15.2
83,18.8,14.0
84,17.7,13.2
85,17.7,13.2
86,18.3,12.7
87,17.7,12.3
88,17.0,11.7
89,17.2,11.3
90,15.5,10.4
91,13.5,9.9
92,11.4,9.2
93,14.7,8.8
94,13.8,9.2
95,13.6,9.1
96,13.7,9.1
97,13.5,9.1
98,11.1,9.0
99,10.9,9.2
100,10.0,9.0
101,9.5,9.0
102,5.5,8.7
103,4.2,8.7
104,2.5,8.5
105,3.2,8.6
106,7.1,9.7
107,8.6,10.2
108,11.0,10.4
109,13.0,11.0
110,13.4,11.8
111,15.5,12.6
112,17.5,13.0
113,19.2,14.0
114,20.2,14.7
115,20.2,14.7
116,21.9,16.7
117,22.3,17.0
118,23.7,17.7
119,24.0,18.3
120,24.3,19.5
121,24.4,20.1
122,24.0,21.4
123,23.9,21.7
124,23.8,23.2
125,23.9,24.5
126,23.9,24.5
127,23.2,25.5
128,25.6,25.0
129,23.8,27.6
130,24.2,28.5
131,24.1,29.0
132,24.1,29.8
133,23.9,30.4
134,23.8,30.7
135,23.1,30.4
136,23.1,30.4
137,23.6,31.3
138,23.6,31.1
139,23.6,31.1
140,25.3,29.4
141,23.0,30.1
142,22.1,29.1
143,21.5,28.5
144,21.4,28.8
145,22.5,25.4
146,20.1,25.9
147,18.9,23.8
148,19.1,23.7
149,19.1,23.7
150,17.8,21.5
151,17.8,21.5
152,15.7,18.9
153,15.4,18.6
154,15.4,18.3
155,14.6,17.4
156,13.5,16.2
157,13.4,16.0
158,12.6,14.8
159,12.3,13.7
160,10.0,12.8
161,13.0,11.8
162,11.4,12.8
163,10.5,12.1
164,10.5,12.1
165,8.5,10.8
166,7.5,10.4
167,4.6,8.8
168,4.6,8.8
169,3.0,9.3
170,1.4,8.1
171,1.2,8.1
172,1.5,8.5
173,-0.4,8.5
174,-0.4,8.5
175,-0.6,8.6
176,-0.5,8.6
177,-0.3,8.9
178,-0.1,9.2
179,0.8,9.5
180,1.1,9.9
181,1.9,10.3
182,3.0,11.9
183,3.5,11.8
184,4.9,13.5
185,4.9,13.5
186,5.8,15.5
187,6.3,16.4
188,7.0,17.8
189,7.3,18.3
190,8.7,18.9
191,8.4,20.1
192,8.6,21.3
193,8.7,21.6
194,8.4,22.7
195,8.7,23.0
196,8.8,24.7
197,9.2,24.9
198,10.0,24.0
199,9.2,26.2
200,10.1,25.0
201,9.3,26.6
202,9.2,28.4
203,9.2,28.5
204,8.4,28.4
205,10.3,27.4
206,10.4,27.6
207,9.3,29.6
208,10.4,27.9
209,10.4,27.9
210,10.2,27.8
211,10.0,27.5
212,9.9,27.1
213,8.9,28.6
214,8.7,27.9
215,8.3,26.5
216,7.9,25.5
217,7.1,24.4
218,7.4,24.2
219,6.1,22.2
220,6.1,20.2
221,6.0,19.6
222,5.0,18.1
223,4.8,17.8
224,4.3,16.7
225,4.3,16.7
226,3.7,14.5
227,3.7,12.1
228,3.7,11.6
229,3.2,12.7
230,3.5,11.6
231,3.8,10.6
232,3.8,10.4
233,4.0,10.4
234,4.4,9.9
235,4.8,9.8
236,4.9,9.6
237,5.4,9.5
238,3.6,9.6
239,3.6,9.6
240,4.8,8.9
241,5.2,9.6
242,3.1,10.3
243,2.9,10.4
244,2.8,10.6
245,2.2,11.0
246,2.1,11.4
247,0.7,12.9
248,0.0,13.3
249,-1.3,14.3
250,-1.6,14.8
251,-2.2,16.1
252,-1.8,17.3
253,-1.0,17.9
254,-1.0,17.9
255,-0.6,20.4
256,-0.3,22.4
257,-0.3,23.0
258,-0.5,24.8
259,-0.9,25.1
260,-0.8,26.2
261,-0.8,26.2
262,-2.0,26.4
263,-3.0,28.8
264,-3.3,29.3
265,-3.3,30.0
266,-3.4,30.0
267,-3.5,29.8
268,-3.5,29.8
269,-3.4,29.5
270,-3.2,29.3
271,-3.5,29.0
272,-4.1,25.2
273,-4.7,25.3
274,-4.9,24.9
275,-5.6,23.3
276,-6.2,22.8
277,-7.3,20.7
278,-7.6,20.3
279,-8.6,19.6
280,-9.5,17.9
281,-9.9,17.5
282,-10.2,17.1
283,-10.7,13.6
284,-10.7,13.4
285,-12.2,13.5
286,-10.1,13.3
287,-9.8,12.6
288,-9.2,12.2
289,-10.4,11.0
290,-10.6,10.2
291,-10.0,10.2
292,-10.0,10.2
293,-10.2,9.8
294,-10.2,9.8
295,-10.8,9.0
296,-10.7,8.8
297,-12.6,9.0
298,-12.5,9.1
299,-13.1,9.1
300,-13.1,9.1
301,-13.2,9.2
302,-13.4,9.5
303,-13.4,9.5
304,-13.4,9.5
305,-13.4,10.2
306,-13.5,10.4
307,-13.5,10.4
308,-13.5,10.4
309,-12.7,12.0
310,-12.7,13.1
311,-12.5,13.8
312,-12.5,14.0
313,-12.4,14.2
314,-12.0,15.1
315,-11.9,15.8
316,-11.7,16.9
317,-11.3,17.3
318,-11.2,19.2
319,-12.1,19.1
320,-10.8,19.4
321,-10.4,22.6
322,-10.5,22.9
323,-10.6,23.3
324,-11.0,25.7
325,-11.2,27.3
326,-11.2,27.3
327,-11.9,28.3
328,-12.3,28.8
329,-12.3,29.7
330,-12.3,29.7
331,-12.7,29.7
332,-12.9,30.1
333,-13.2,30.1
334,-13.3,29.5
335,-13.1,29.0
336,-13.3,26.8
337,-13.3,26.1
338,-13.1,25.5
339,-12.9,24.0
340,-11.8,24.0
341,-11.8,24.0
342,-11.7,22.7
343,-11.6,20.5
344,-12.0,20.2
345,-13.9,17.8
346,-13.5,17.5
347,-14.4,16.4
348,-16.0,15.8
349,-16.6,15.1
350,-19.5,13.7
351,-16.8,13.8
352,-17.5,13.1
353,-17.5,13.1
354,-17.7,11.6
355,-17.6,11.5
356,-17.6,11.3
357,-17.3,10.1
358,-18.3,8.8
359,-18.1,8.5
360,-17.8,8.4
361,-15.3,8.5
362,-16.2,8.7
363,-16.4,8.7
364,-16.2,8.8
365,-16.2,8.8
366,-16.2,8.8
367,-17.0,8.6
368,-18.4,9.9
369,-18.4,9.9
370,-21.6,12.0
371,-23.4,13.3
372,-23.4,13.3
373,-25.4,15.0
374,-25.8,15.3
375,-27.1,16.7
376,-27.1,16.7
377,-27.1,16.7
378,-29.3,17.2
379,-28.5,18.3
380,-29.0,19.6
381,-28.7,20.6
382,-29.2,21.5
383,-29.4,21.8
384,-30.3,22.9
385,-29.8,23.8
386,-30.0,24.0
387,-30.8,25.7
388,-31.0,26.1
389,-31.5,26.9
390,-32.8,29.0
391,-32.8,29.0
392,-34.7,30.9
393,-35.2,31.8
394,-35.3,32.3
395,-35.8,33.3
396,-35.8,34.4
397,-36.3,34.7
398,-36.6,35.3
399,-36.7,35.8
400,-37.4,36.6
401,-37.6,36.6
402,-37.6,37.0
403,-37.2,36.6
404,-37.6,36.7
405,-37.5,36.6
406,-37.6,36.6
407,-37.6,36.3
408,-37.5,36.1
409,-37.5,36.1
410,-37.3,35.1
411,-37.0,33.8
412,-36.8,32.6
413,-36.2,30.0
414,-35.7,29.2
415,-34.7,26.8
416,-34.5,26.0
417,-33.2,24.4
418,-33.8,23.5
419,-33.7,21.5
420,-33.5,21.3
421,-32.7,19.3
422,-32.3,19.0
423,-31.1,16.9
424,-30.6,16.6
425,-28.6,14.8
426,-28.1,14.5
427,-25.2,12.8
428,-24.5,12.6
429,-23.8,11.2
430,-23.6,11.1
431,-24.0,10.2
432,-24.1,9.8
433,-25.4,8.6
434,-23.1,9.0
435,-23.0,9.0
436,-22.3,8.9
437,-22.2,8.9
438,-22.2,8.9
439,-22.3,9.4
440,-23.0,9.0
441,-20.1,9.4
442,-18.7,8.9
443,-18.7,8.9
444,-17.2,8.9
445,-8.0,9.3
446,-6.3,9.3
447,-0.8,9.0
448,4.8,9.6
449,6.1,9.7
450,11.7,9.6
451,12.1,10.1
452,14.6,10.4
453,16.4,10.4
454,19.8,10.4
455,21.2,10.5
456,21.8,10.7
457,21.9,11.4
458,21.9,11.4
459,24.6,11.5
460,25.6,11.9
461,26.1,12.1
462,26.5,12.2
463,27.6,13.0
464,27.6,13.0
465,27.5,13.5
466,27.3,13.4
467,28.3,12.8
468,27.7,12.8
469,26.5,12.8
470,25.8,12.7
471,22.9,13.4
472,21.1,12.9
473,18.8,12.7
474,14.8,12.5
475,13.3,12.6
476,5.3,12.1
477,3.7,12.1
478,2.0,12.1
479,-3.0,12.3
480,-4.6,12.3
481,-6.4,12.4
482,-15.0,12.7
483,-16.6,12.9
484,-18.2,12.8
485,-21.0,13.2
486,-21.0,13.2
487,-27.1,12.9
488,-28.2,13.9
489,-28.7,14.0
490,-30.0,14.3
491,-30.3,14.3
492,-32.0,13.8
493,-32.5,14.1
494,-32.5,14.1
495,-32.6,14.4
496,-32.5,14.6
497,-32.1,14.8
498,-32.0,14.9
499,-31.4,15.1
500,-31.0,15.1
501,-31.0,15.1
502,-29.1,15.2
503,-28.7,15.4
504,-27.1,15.3
505,-26.4,15.2
506,-25.0,15.1
507,-21.8,14.8
508,-20.8,14.7
509,-17.1,14.2
510,-16.1,13.9
511,-12.8,13.7
512,-7.0,14.2
513,-4.2,14.2
514,0.3,14.0
515,3.6,14.0
516,12.2,14.3
517,16.3,13.7
518,16.7,14.7
519,22.7,14.9
520,23.7,15.0
521,27.0,15.3
522,27.6,15.3
523,28.4,15.3
524,30.0,15.5
525,31.2,15.8
526,31.3,15.8
527,31.3,16.3
528,31.4,16.6
529,30.6,17.3
530,30.5,17.6
531,30.4,18.4
532,30.3,18.3
533,28.9,18.4
534,29.2,18.6
535,29.2,18.6
536,27.6,18.0
537,25.0,17.9
538,22.6,17.6
539,21.2,17.5
540,19.8,17.3
541,18.1,17.2
542,16.0,17.2
543,13.9,17.0
544,9.2,16.5
545,6.6,16.6
546,6.6,16.6
547,1.6,16.4
548,-5.8,16.3
549,-7.4,16.4
550,-8.9,16.4
551,-13.0,16.5
552,-13.0,16.5
553,-18.3,17.1
554,-19.5,16.9
555,-22.4,17.6
556,-26.3,17.8
557,-27.4,17.9
558,-28.6,17.9
559,-29.4,18.0
560,-30.1,18.2
561,-30.2,18.4
562,-31.3,18.7
563,-31.0,18.8
564,-31.0,19.0
565,-30.7,19.2
566,-30.6,19.4
567,-29.9,19.7
568,-29.9,19.7
569,-29.3,19.7
570,-26.9,20.0
571,-26.4,20.1
572,-26.2,20.0
573,-25.6,20.0
574,-22.8,19.5
575,-22.0,19.5
576,-18.7,19.1
577,-15.6,18.7
578,-14.8,18.5
579,-12.5,18.3
580,-11.7,18.2
581,-6.3,17.8
582,-5.2,17.6
583,-0.7,17.6
584,3.8,17.2
585,3.8,17.2
586,7.4,17.0
587,10.4,17.1
588,14.4,17.2
589,14.4,16.8
590,17.3,16.9
591,17.3,16.9
592,19.1,16.9
593,23.2,17.4
594,28.0,17.1
595,28.0,17.1
596,30.3,17.2
597,30.3,17.2
598,31.8,17.1
599,32.6,17.3
600,32.7,17.3
601,32.5,17.6
602,32.5,17.6
603,32.2,18.5
604,32.2,18.9
605,31.9,19.1
606,31.6,20.0
607,31.5,20.5
608,31.4,20.5
609,31.3,21.5
610,31.3,21.5
611,29.7,20.8
612,29.5,20.8
613,29.2,20.9
614,28.3,20.8
615,27.9,20.5
616,27.5,20.6
617,27.5,20.6
618,26.0,19.3
619,25.3,19.2
620,20.0,20.3
621,17.9,20.0
622,17.3,19.9
623,13.6,19.6
624,13.0,19.5
625,10.8,19.4
626,9.0,18.7
627,8.9,19.3
628,8.6,18.9
629,3.5,19.3
630,2.7,19.2
631,0.1,19.2
632,-3.1,19.2
633,-4.0,19.2
634,-8.8,19.6
635,-9.7,19.4
636,-14.8,18.9
637,-14.4,19.6
638,-16.2,19.5
639,-17.1,19.6
640,-20.9,20.5
641,-24.0,20.8
642,-27.1,21.3
643,-27.8,21.4
644,-31.2,22.4
645,-33.5,22.8
646,-34.1,23.1
647,-36.3,23.9
648,-36.5,24.0
649,-36.6,24.2
650,-38.2,24.6
651,-35.5,26.9
652,-35.2,27.6
653,-34.6,28.0
654,-34.1,28.3
655,-34.0,28.4
656,-33.6,28.2
657,-32.8,27.8
658,-31.7,27.3
659,-31.7,27.3
660,-29.5,26.6
661,-25.9,25.0
662,-22.0,23.9
663,-21.5,24.6
664,-17.9,23.6
665,-15.3,23.3
666,-13.9,22.8
667,-10.1,22.2
668,-9.3,22.2
669,-8.3,22.0
670,-4.7,21.5
671,-2.1,21.8
672,2.4,21.6
673,2.7,21.5
674,8.4,21.8
675,11.0,21.9
676,11.0,21.9
677,17.3,22.2
678,18.3,22.4
679,21.0,22.7
680,21.0,22.7
681,21.0,22.7
682,27.0,23.6
683,27.5,23.6
684,29.4,23.8
685,29.9,24.1
686,29.9,24.1
687,31.4,24.0
688,31.1,24.3
689,33.0,24.2
690,32.7,24.4
691,33.6,24.6
692,34.0,25.0
693,34.1,24.8
694,34.5,25.2
695,34.8,25.5
696,34.6,25.8
697,35.4,26.1
698,35.4,26.7
699,35.4,26.5
700,35.4,27.6
701,34.9,28.0
702,34.8,28.7
703,34.8,29.0
704,35.0,29.3
705,35.0,29.5
706,33.7,29.1
707,33.7,29.2
708,32.4,28.8
709,30.9,28.2
710,30.2,28.2
711,28.0,27.8
712,27.6,27.5
713,25.8,27.1
714,24.2,26.9
715,23.6,26.3
716,22.2,26.1
717,22.2,26.1
718,18.7,25.6
719,14.4,25.0
720,10.5,24.4
721,8.3,24.3
722,3.3,24.6
723,2.3,24.3
724,0.1,24.1
725,-1.9,24.6
726,-5.1,24.1
727,-6.2,24.5
728,-8.4,24.5
729,-13.6,24.8
730,-14.5,25.0
731,-19.2,25.4
732,-20.2,25.5
733,-23.1,26.0
734,-24.7,26.0
735,-26.5,26.4
736,-27.9,26.9
737,-31.2,27.3
738,-31.8,27.5
739,-34.2,27.9
740,-35.0,28.4
741,-35.8,29.3
742,-36.2,29.2
743,-36.8,29.9
744,-37.0,30.9
745,-37.5,31.6
746,-37.3,32.5
747,-37.5,33.6
748,-38.0,35.1
749,-38.4,35.7
750,-38.4,36.3
751,-38.1,36.0
752,-37.3,36.1
753,-37.0,35.8
754,-36.3,35.8
755,-35.9,35.4
756,-33.6,34.3
757,-31.4,36.5
758,-31.1,33.5
759,-29.3,32.7
760,-28.3,32.6
761,-27.8,33.2
762,-23.4,31.3
763,-20.9,30.6
764,-20.0,30.3
765,-14.5,32.2
766,-13.4,32.2
767,-8.0,31.2
768,-7.4,28.6
769,-2.7,28.3
770,-2.0,27.6
771,-0.1,29.9
772,-0.1,29.9
773,-0.1,29.9
774,-0.1,29.9
775,5.0,27.3
776,5.0,27.3
777,10.1,27.7
778,17.8,29.1
779,25.0,30.4
780,30.4,31.9
781,30.9,31.9
782,30.9,31.9
783,31.9,33.1
784,33.7,34.0
785,35.4,34.6
786,36.3,35.1
787,36.5,34.8
788,37.0,35.0
789,37.0,35.0
790,37.0,35.0
791,37.1,35.0
792,36.9,34.6
793,36.9,34.6
794,36.9,34.6
795,36.8,34.5
796,36.4,34.6
797,36.5,34.4
798,36.6,33.9
799,36.6,33.6
800,36.5,34.1
801,35.9,33.1
802,35.9,33.1
803,35.3,32.2
804,35.8,32.0
805,35.8,32.0
806,35.1,30.4
807,35.1,30.4
808,33.3,28.8
809,33.3,28.8
810,32.4,27.5
811,32.3,26.1
812,31.2,25.8
813,30.1,24.1
814,30.1,24.1
815,29.9,23.6
816,29.5,22.8
817,29.1,21.1
818,29.4,20.8
819,27.8,18.5
820,27.7,18.1
821,27.9,17.5
822,27.2,17.1
823,26.2,16.5
824,26.8,16.1
825,26.7,15.8
826,26.6,15.2
827,27.4,15.1
828,26.2,14.2
829,26.6,13.6
830,27.7,12.8
831,28.4,12.6
832,28.4,12.6
833,28.4,12.6
834,29.8,13.0
835,30.1,13.0
836,30.1,12.7
837,30.4,12.6
838,30.3,12.4
839,30.0,12.4
840,28.4,12.3
841,25.8,11.6
842,25.8,11.6
843,24.0,11.4
844,23.5,11.4
845,22.3,10.8
846,22.3,10.8
847,21.8,10.7
848,20.4,10.1
849,20.4,10.1
850,20.1,8.9
851,20.1,8.9
852,19.3,9.5
853,19.3,9.5
854,19.3,9.5
855,19.7,10.0
856,19.7,10.0
857,20.5,10.4
858,20.5,10.4
859,20.2,10.5
860,19.0,10.2
861,18.4,10.0
862,16.2,9.7
863,16.2,9.7
864,12.5,9.8
865,12.5,9.8
866,13.3,9.5
867,15.2,9.6
868,13.3,9.9
869,13.8,10.2
870,14.1,10.5
871,15.7,10.9
872,14.0,11.7
873,13.6,12.2
874,12.8,13.7
875,11.9,14.7
876,10.7,16.4
877,10.7,16.4
878,9.5,19.2
879,7.7,20.8
880,6.3,25.4
881,5.1,27.9
882,5.3,28.6
883,4.4,29.2
884,3.1,30.4
885,2.5,29.1
886,2.5,29.1
887,1.9,26.5
888,0.5,23.8
889,-1.0,21.1
890,-2.4,18.4
891,-3.8,15.6
892,-5.3,12.9
893,-6.7,10.2
894,-10.3,9.3
895,-11.9,9.0
896,-11.5,9.7
897,-9.9,11.1
898,-9.3,12.1
899,-7.3,15.1
900,-6.4,17.7
901,-5.4,20.3
902,-5.5,26.0
903,-5.9,26.6
904,-6.4,28.7
905,-6.0,29.0
906,-6.3,29.2
907,-6.3,29.2
908,-6.3,26.5
909,-6.3,26.2
910,-6.6,23.7
911,-7.0,22.6
912,-8.3,21.6
913,-9.7,18.1
914,-10.2,17.9
915,-20.4,12.1
916,-22.5,11.6
917,-27.5,10.6
918,-24.5,10.3
919,-26.7,9.7
920,-25.1,9.8
921,-27.0,9.0
922,-24.9,9.7
923,-25.0,10.8
924,-24.1,10.6
925,-24.5,11.4
926,-24.0,12.3
927,-23.0,12.1
928,-23.4,14.7
929,-23.3,15.4
930,-23.0,17.4
931,-23.5,18.0
932,-23.2,20.8
933,-23.4,22.6
934,-23.5,23.4
935,-25.0,24.6
936,-25.1,28.5
937,-26.0,28.8
938,-28.6,29.8
939,-28.6,29.8
940,-30.4,32.8
941,-32.2,33.5
942,-32.7,33.8
943,-33.0,33.4
944,-33.1,33.1
945,-33.1,33.1
946,-31.2,32.8
947,-30.9,31.8
948,-30.9,31.8
949,-30.4,28.1
950,-29.5,26.2
951,-28.2,23.6
952,-27.9,22.8
953,-27.6,21.2
954,-27.4,19.0
955,-27.3,18.3
956,-26.7,16.5
957,-25.1,14.7
958,-25.5,13.9
959,-26.5,11.5
960,-26.5,11.5
961,-20.6,10.4
962,-19.8,9.8
963,-19.0,9.4
964,-20.4,8.5
965,-18.0,8.9
966,-18.0,8.9
967,-19.3,9.5
968,-19.2,9.5
969,-20.4,9.6
970,-20.9,9.7
971,-21.6,10.6
972,-22.4,12.9
973,-26.4,17.3
974,-27.3,18.7
975,-28.6,21.2
976,-29.9,23.8
977,-31.2,26.3
978,-32.6,28.8
979,-33.9,31.4
980,-35.2,33.9
981,-34.8,34.0
982,-34.8,34.5
983,-34.8,34.5
984,-37.3,32.4
985,-37.3,32.4
986,-36.5,32.2
987,-35.1,29.8
988,-33.7,27.3
989,-32.3,24.9
990,-30.9,22.4
991,-30.3,21.6
992,-32.7,18.8
993,-27.3,15.4
994,-27.8,14.5
995,-26.1,13.4
996,-26.8,12.8
997,-27.7,11.1
998,-27.9,10.9
999,-27.6,10.9
1000,-24.5,11.0
1001,-24.8,10.9
1002,-24.9,10.9
1003,-25.4,10.5
1004,-24.9,9.8
1005,-24.9,9.8
1006,-23.1,9.3
1007,-23.1,9.3
1008,-15.0,9.1
1009,-10.9,9.1
1010,-1.9,8.9
1011,0.5,8.8
1012,2.8,8.7
1013,7.5,9.2
1014,8.6,9.4
1015,13.2,10.6
1016,16.0,11.7
1017,21.0,14.6
1018,23.6,17.4
1019,26.1,20.2
1020,28.7,23.0
1021,31.2,25.8
1022,33.8,28.6
1023,34.5,31.3
1024,35.0,32.8
1025,35.4,34.0
1026,35.8,35.2
1027,35.7,34.5
1028,38.3,34.0
1029,38.4,33.3
1030,36.2,34.1
1031,36.7,32.4
1032,37.3,30.8
1033,37.8,29.1
1034,34.9,26.2
1035,32.0,23.4
1036,29.1,20.5
1037,26.2,17.6
1038,23.3,14.8
1039,20.4,11.9
1040,15.2,10.3
1041,12.3,8.9
1042,14.2,9.3
1043,14.6,9.6
1044,18.0,10.2
1045,18.7,10.3
1046,19.3,10.5
1047,18.2,10.8
1048,17.1,10.9
1049,8.5,10.9
1050,8.5,10.9
1051,-9.2,10.9
1052,-14.2,11.7
1053,-25.2,12.0
1054,-28.2,12.6
1055,-30.6,12.8
1056,-31.3,12.7
1057,-29.1,12.9
1058,-29.6,12.3
1059,-22.1,12.7
1060,-11.8,11.4
1061,-8.3,11.4
1062,-3.8,12.0
1063,13.4,12.5
1064,16.9,12.1
1065,23.9,13.9
1066,28.2,15.2
1067,29.2,15.8
1068,30.8,17.0
1069,28.7,17.3
1070,27.6,17.4
1071,21.0,16.6
1072,16.5,16.2
1073,4.7,15.5
1074,2.0,15.9
1075,-8.3,15.7
1076,-12.6,15.7
1077,-18.5,16.5
1078,-24.5,17.2
1079,-24.5,17.2
1080,-29.3,17.7
1081,-29.3,18.5
1082,-27.4,18.2
1083,-27.4,18.2
1084,-18.6,18.2
1085,-9.0,17.2
1086,-6.2,17.4
1087,2.3,17.1
1088,9.4,17.4
1089,16.6,17.7
1090,21.2,18.2
1091,23.2,19.1
1092,27.2,20.0
1093,28.5,21.6
1094,28.5,21.6
1095,24.9,22.9
1096,23.9,21.0
1097,22.5,21.1
1098,12.8,20.8
1099,3.1,20.5
1100,-6.5,20.2
1101,-16.2,19.9
1102,-20.5,20.5
1103,-24.7,21.1
1104,-29.0,21.8
1105,-33.2,22.4
1106,-37.5,23.0
1107,-37.0,23.2
1108,-33.0,24.5
1109,-26.0,22.9
1110,-23.3,24.3
1111,-18.6,23.7
1112,-13.9,23.1
1113,-13.9,23.1
1114,-3.3,22.7
1115,7.2,22.2
1116,17.8,21.8
1117,21.8,22.5
1118,28.6,23.9
1119,31.6,25.0
1120,31.6,25.0
1121,30.4,25.5
1122,23.8,25.5
1123,17.2,25.5
1124,10.7,25.5
1125,4.1,25.5
1126,-2.5,25.4
1127,-9.1,25.4
1128,-15.6,25.4
1129,-22.2,25.4
1130,-28.8,25.4
1131,-31.8,26.2
1132,-34.7,27.9
1133,-35.4,28.1
1134,-36.4,31.1
1135,-36.4,31.1
1136,-35.6,32.3
1137,-34.7,32.9
1138,-34.7,32.9
1139,-34.5,33.0
1140,-28.4,32.0
1141,-24.2,31.8
1142,-20.0,31.5
1143,-15.8,31.2
1144,-11.6,31.0
1145,-7.4,30.8
1146,-3.1,30.5
1147,1.1,30.2
1148,5.3,30.0
1149,9.5,29.8
1150,13.7,29.5
1151,17.9,29.2
1152,22.1,29.0
1153,23.4,28.8
1154,28.4,30.2
1155,29.1,30.7
1156,31.0,31.8
1157,31.6,31.9
1158,33.6,33.1
1159,34.0,33.3
1160,34.8,33.6
1161,35.8,34.4
1162,36.1,34.2
1163,36.2,34.5
1164,36.3,34.5
1165,36.0,34.2
1166,34.9,33.1
1167,34.5,33.1
1168,33.2,32.2
1169,33.0,31.8
1170,31.7,31.5
1171,29.8,30.3
1172,28.4,30.1
1173,25.7,29.7
1174,24.9,29.0
1175,16.8,28.4
1176,15.4,29.8
1177,12.3,27.7
1178,11.2,30.0
1179,6.6,27.5
1180,4.2,28.0
1181,0.9,28.2
1182,-3.6,28.5
1183,-7.3,28.5
1184,-7.3,28.5
1185,-7.3,28.5
1186,-12.0,29.2
1187,-12.9,29.2
1188,-12.7,29.1
1189,-12.9,29.0
1190,-12.6,28.7
1191,-12.9,28.8
1192,-12.8,28.7
1193,-12.4,28.6
1194,-12.5,28.4
1195,-12.7,28.4
1196,-12.6,28.3
1197,-12.8,27.4
1198,-12.8,27.4
1199,-12.9,27.1
1200,-14.0,25.2
1201,-14.6,23.3
1202,-14.9,22.6
1203,-16.2,21.2
1204,-17.8,19.8
1205,-21.8,16.5
1206,-22.7,16.2
1207,-22.7,16.2
1208,-24.9,14.5
1209,-30.1,11.5
1210,-27.9,12.2
1211,-29.6,11.2
1212,-29.7,11.0
1213,-29.7,10.9
1214,-29.6,10.9
1215,-28.4,10.8
1216,-28.1,10.8
1217,-25.7,11.2
1218,-22.4,11.5
1219,-22.4,11.5
1220,-12.1,12.6
1221,-6.6,14.4
1222,-1.5,15.3
1223,5.8,18.1
1224,7.2,21.0
1225,9.4,19.7
1226,14.4,24.0
1227,15.6,22.6
1228,20.0,26.5
1229,21.5,28.1
1230,23.0,29.7
1231,23.0,29.7
1232,26.1,29.4
1233,24.7,31.1
1234,25.0,32.0
1235,24.9,31.3
1236,25.3,31.5
1237,25.5,31.2
1238,25.6,30.4
1239,26.4,27.8
1240,26.8,27.2
1241,28.8,25.0
1242,29.6,23.1
1243,30.6,20.4
1244,31.8,16.8
1245,32.1,15.1
1246,32.2,13.0
1247,32.2,12.3
1248,31.7,11.3
1249,31.6,11.1
1250,29.3,11.2
1251,28.0,11.4
1252,23.2,11.9
1253,17.1,12.9
1254,17.1,12.9
1255,13.1,14.1
1256,2.9,17.2
1257,1.2,16.9
1258,-3.5,19.3
1259,-6.7,22.3
1260,-7.3,22.8
1261,-8.1,24.2
1262,-9.5,26.3
1263,-10.2,25.1
1264,-11.0,28.8
1265,-11.0,28.8
1266,-12.6,29.3
1267,-13.7,28.1
1268,-13.8,30.1
1269,-15.0,29.8
1270,-14.9,29.4
1271,-13.7,29.8
1272,-13.7,29.7
1273,-13.7,29.9
1274,-12.9,29.1
1275,-12.9,29.1
1276,-12.1,27.3
1277,-12.1,27.3
1278,-8.9,23.4
1279,-8.3,22.8
1280,-5.8,20.3
1281,-3.2,16.0
1282,-2.8,15.2
1283,-0.3,11.0
1284,0.5,10.0
1285,1.4,10.0
1286,1.6,9.9
1287,2.8,8.9
1288,2.8,8.9
1289,3.3,9.3
1290,2.7,9.7
1291,2.2,9.8
1292,2.2,9.8
1293,2.3,9.7
1294,2.2,9.8
1295,2.2,9.7
1296,1.6,9.6
1297,1.4,9.7
1298,0.9,9.7
1299,0.7,9.8
1300,0.6,9.7
1301,0.6,9.8
1302,0.7,9.9
1303,0.8,9.7
1304,1.0,9.4
1305,1.8,9.4
1306,3.3,9.2
1307,3.9,9.3
1308,6.1,9.2
1309,6.8,9.3
1310,7.2,9.2
1311,8.8,9.4
1312,9.0,9.6
1313,9.7,9.6
1314,11.0,10.0
1315,14.1,10.4
1316,14.1,10.4
1317,15.7,10.7
1318,15.1,10.4
1319,15.8,10.6
1320,16.0,10.7
1321,16.3,10.7
1322,17.0,10.7
1323,17.0,10.9
1324,17.0,11.0
1325,17.2,11.2
1326,17.2,11.2
1327,18.2,11.1
1328,17.8,11.4
1329,17.8,11.6
1330,18.2,11.7
1331,18.4,11.7
1332,19.4,12.2
1333,19.6,12.2
1334,21.3,12.1
1335,20.9,12.5
1336,21.7,12.2
1337,21.4,12.8
1338,21.8,12.8
1339,22.2,13.1
1340,22.3,13.1
1341,22.5,13.4
1342,22.4,13.5
1343,22.8,13.9
1344,22.8,13.9
1345,23.4,14.1
1346,23.5,14.2
1347,23.3,14.3
1348,24.5,14.4
1349,23.9,14.5
1350,25.1,14.9
1351,25.1,14.9
1352,25.4,14.9
1353,25.6,14.9
1354,26.2,15.4
1355,28.6,15.1
1356,27.5,15.9
1357,27.7,16.0
1358,28.1,16.3
1359,27.6,16.9
1360,28.8,16.7
1361,28.9,16.8
1362,29.2,17.1
1363,29.3,17.2
1364,29.5,17.7
1365,29.8,17.9
1366,29.8,17.9
1367,30.1,18.3
1368,30.2,18.5
1369,30.0,18.9
1370,30.1,19.0
1371,30.3,19.0
1372,30.2,19.0
1373,30.2,19.1
1374,30.6,19.6
1375,30.8,19.9
1376,30.8,19.9
1377,31.1,20.3
1378,31.1,20.3
1379,31.2,20.4
1380,31.7,21.0
1381,31.6,21.1
1382,31.8,21.7
1383,31.9,21.6
1384,32.1,21.9
1385,31.9,23.0
1386,32.0,23.2
1387,32.2,23.6
1388,32.2,23.6
1389,32.3,24.0
1390,32.6,24.4
1391,32.6,24.4
1392,32.8,24.7
1393,32.9,24.8
1394,33.1,25.1
1395,33.1,25.1
1396,33.3,24.8
1397,33.3,26.6
1398,33.3,26.6
1399,33.8,27.3
1400,33.8,27.3
1401,33.7,27.7
1402,33.8,28.6
1403,33.8,28.6
1404,34.0,29.0
1405,34.1,29.0
1406,34.1,29.0
1407,34.3,29.9
1408,34.7,30.3
1409,34.8,30.2
1410,34.7,30.5
1411,34.7,30.5
1412,34.9,30.6
1413,34.9,30.6
1414,35.6,30.8
1415,35.1,31.1
1416,35.2,31.6
1417,35.2,31.6
1418,35.2,31.6
1419,35.7,32.1
1420,36.1,32.3
1421,36.1,32.2
1422,36.2,32.2
1423,36.3,32.5
1424,36.1,32.4
1425,36.5,32.8
1426,36.6,33.2
1427,36.7,33.1
1428,36.7,33.1
1429,36.8,33.2
1430,36.3,33.5
1431,36.3,33.5
1432,37.0,33.8
1433,36.8,34.3
1434,36.8,34.3
1435,37.0,34.3
1436,37.0,34.3
1437,37.1,34.2
1438,37.5,35.0
1439,37.7,35.1
1440,37.9,35.4
1441,37.4,35.3
1442,37.8,35.1
1443,37.6,34.5
1444,37.5,34.8
1445,37.4,34.9
1446,37.4,34.9
1447,36.4,34.5
1448,36.3,34.7
1449,36.0,34.1
1450,36.0,34.1
1451,35.3,34.0
1452,35.3,33.9
1453,34.7,33.9
1454,34.6,33.8
1455,33.7,33.4
1456,33.7,33.4
1457,32.9,33.1
1458,32.7,33.2
1459,32.5,32.8
1460,32.3,32.6
1461,32.1,33.0
1462,31.7,32.5
1463,31.1,32.4
1464,31.1,32.4
1465,31.1,32.4
1466,30.3,32.0
1467,29.9,32.0
1468,30.1,31.8
1469,29.4,31.4
1470,29.2,31.2
1471,28.3,31.3
1472,28.0,31.2
1473,27.6,31.3
1474,27.4,31.0
1475,27.4,30.9
1476,26.5,30.5
1477,26.7,30.6
1478,25.7,30.7
1479,25.3,30.2
1480,25.1,30.5
1481,24.9,30.4
1482,25.3,30.4
1483,25.4,30.6
1484,25.4,30.6
1485,25.0,30.7
1486,24.9,30.4
1487,24.4,30.4
1488,24.7,30.3
1489,24.6,30.4
1490,24.6,30.4
1491,25.3,30.4
1492,25.3,30.4
1493,25.5,30.7
1494,25.6,31.0
1495,25.9,30.8
1496,25.9,30.8
1497,26.0,30.4
1498,25.7,29.9
1499,25.6,29.3
1500,25.5,29.4
1501,25.5,28.4
1502,26.3,28.7
1503,26.3,28.5
1504,25.5,27.7
1505,25.5,27.7
1506,25.3,27.6
1507,25.3,27.3
1508,26.0,27.1
1509,25.8,26.6
1510,25.6,26.2
1511,25.6,25.9
1512,25.6,25.8
1513,25.5,25.7
1514,25.5,25.4
1515,25.4,25.3
1516,25.3,25.1
1517,25.2,25.0
1518,24.3,24.6
1519,25.0,24.6
1520,25.0,24.3
1521,24.2,23.8
1522,24.1,23.3
1523,24.3,23.2
1524,24.1,22.8
1525,23.3,22.7
1526,23.1,22.6
1527,23.1,22.2
1528,23.4,21.9
1529,23.9,22.0
1530,23.1,21.6
1531,22.4,21.4
1532,22.5,20.8
1533,22.3,20.7
1534,22.1,20.3
1535,21.5,20.1
1536,21.5,19.9
1537,21.1,19.9
1538,21.3,19.9
1539,21.3,19.9
1540,20.8,18.9
1541,20.4,19.1
1542,20.2,18.8
1543,20.5,18.6
1544,20.5,18.3
1545,19.7,17.9
1546,19.7,17.9
1547,19.4,17.7
1548,19.0,17.5
1549,18.9,17.4
1550,18.5,17.0
1551,18.5,17.0
1552,20.7,15.5
1553,17.9,15.9
1554,17.8,15.9
1555,18.6,16.3
1556,18.4,16.1
1557,18.6,15.8
1558,18.5,15.8
1559,18.5,15.4
1560,18.2,15.3
1561,17.9,14.9
1562,18.0,15.0
1563,18.0,15.0
1564,18.0,14.9
1565,17.9,14.7
1566,17.0,14.3
1567,18.1,14.2
1568,18.1,14.1
1569,17.6,14.3
1570,17.6,14.0
1571,18.1,13.9
1572,18.2,13.6
1573,18.2,13.6
1574,18.3,13.4
1575,18.3,13.4
1576,18.2,13.2
1577,18.1,13.0
1578,17.8,12.9
1579,17.5,12.5
1580,17.3,12.5
1581,16.8,12.2
1582,16.8,12.2
1583,16.6,11.9
1584,16.4,11.8
1585,16.3,11.7
1586,15.4,11.2
1587,15.3,11.1
1588,15.0,10.7
1589,15.1,10.0
1590,14.9,9.7
1591,14.6,9.5
1592,14.4,9.4
1593,14.0,9.9
1594,13.3,9.6
1595,13.1,9.5
1596,12.9,9.3
1597,12.7,9.2
1598,12.4,9.0
1599,12.3,9.0
1600,9.7,9.2
1601,9.6,9.3
1602,9.1,8.9
1603,8.8,8.8
1604,7.8,9.0
1605,7.8,9.0
1606,7.7,9.1
1607,7.1,9.1
1608,5.9,9.1
1609,5.3,9.0
1610,4.9,8.6
1611,4.9,8.6
1612,4.3,9.0
1613,4.6,9.1
1614,4.6,9.0
1615,4.6,9.1
1616,4.6,9.2
1617,4.9,9.3
1618,4.9,9.3
1619,5.5,9.8
1620,5.5,9.8
1621,6.1,10.2
1622,6.5,10.3
1623,6.5,10.5
1624,6.7,10.6
1625,7.0,10.7
1626,7.5,11.2
1627,7.7,11.2
1628,7.9,11.5
1629,8.0,11.6
1630,8.1,11.8
1631,8.1,11.9
1632,8.2,12.0
1633,8.7,11.8
1634,8.7,11.8
1635,8.3,12.3
1636,8.3,12.5
1637,8.2,12.7
1638,8.2,12.8
1639,8.5,13.1
1640,8.4,13.2
1641,8.5,12.9
1642,8.2,13.4
1643,8.1,13.6
1644,8.2,13.7
1645,8.2,13.9
1646,8.2,13.9
1647,8.0,13.9
1648,8.0,14.1
1649,8.2,14.2
1650,8.1,14.2
1651,8.2,14.7
1652,8.2,14.7
1653,8.1,15.1
1654,8.1,15.1
1655,8.1,14.9
1656,7.9,15.5
1657,8.1,15.5
1658,9.4,15.5
1659,9.3,15.9
1660,9.3,15.7
1661,9.3,15.7
1662,9.2,16.4
1663,9.2,16.4
1664,9.4,16.0
1665,9.4,16.0
1666,9.2,17.4
1667,9.4,17.5
1668,9.5,17.8
1669,9.5,17.8
1670,9.7,18.2
1671,10.0,18.6
1672,10.1,18.6
1673,10.0,19.3
1674,10.2,19.4
1675,10.2,19.5
1676,10.7,19.9
1677,10.7,20.1
1678,10.4,20.4
1679,10.5,20.9
1680,10.5,20.9
1681,10.1,20.9
1682,10.3,21.3
1683,10.3,21.3
1684,10.4,21.7
1685,10.4,21.9
1686,10.3,22.4
1687,10.8,22.7
1688,11.6,21.3
1689,11.6,21.3
1690,11.8,21.7
1691,9.6,22.8
1692,9.6,22.8
1693,9.5,23.0
1694,9.4,23.3
1695,9.4,23.4
1696,9.3,23.5
1697,9.3,23.8
1698,9.4,24.0
1699,10.7,25.2
1700,10.8,25.1
1701,11.7,23.7
1702,10.6,25.8
1703,10.8,25.8
1704,10.3,26.1
1705,10.3,26.3
1706,10.4,26.3
1707,10.7,26.5
1708,10.5,26.8
1709,10.9,27.0
1710,10.9,27.4
1711,11.1,27.5
1712,11.3,27.7
1713,11.4,27.8
1714,11.5,28.2
1715,11.9,28.3
1716,11.6,28.7
1717,11.7,28.5
1718,11.7,28.8
1719,11.7,29.0
1720,12.0,29.2
1721,12.1,29.2
1722,12.2,29.6
1723,12.3,29.4
1724,12.2,29.4
1725,11.9,29.7
1726,12.2,29.9
1727,12.2,29.9
1728,11.3,29.7
1729,11.2,29.9
1730,10.9,29.8
1731,10.2,29.4
1732,10.2,29.7
1733,9.7,29.4
1734,9.8,29.9
1735,9.1,29.2
1736,8.9,29.4
1737,8.5,29.4
1738,8.4,29.6
1739,8.0,29.7
1740,7.3,29.0
1741,6.9,29.3
1742,6.7,29.3
1743,6.1,29.4
1744,6.0,29.3
1745,5.8,29.3
1746,5.8,29.3
1747,4.5,28.8
1748,4.5,28.8
1749,4.2,28.7
1750,4.1,29.0
1751,4.1,29.0
1752,4.0,28.8
1753,3.8,28.6
1754,3.5,28.1
1755,3.7,28.2
1756,3.4,27.2
1757,3.4,27.1
1758,3.4,27.2
1759,3.4,26.9
1760,3.3,26.3
1761,3.3,26.2
1762,3.5,26.1
1763,3.4,25.1
1764,3.3,25.0
1765,3.1,24.2
1766,3.0,24.3
1767,2.9,23.7
1768,2.9,22.5
1769,2.9,22.6
1770,2.8,22.1
1771,3.0,21.9
1772,2.9,21.4
1773,2.8,20.6
1774,2.8,20.5
1775,2.6,19.8
1776,2.5,19.7
1777,2.3,19.1
1778,2.4,19.1
1779,2.2,18.4
1780,2.2,18.3
1781,2.1,17.7
1782,2.3,17.6
1783,2.4,16.9
1784,2.4,16.9
1785,2.9,16.4
1786,3.1,15.8
1787,3.2,15.9
1788,3.9,13.8
1789,4.0,13.7
1790,3.5,14.8
1791,3.5,14.8
1792,3.4,14.3
1793,3.6,13.8
1794,3.7,13.6
1795,3.7,13.5
1796,3.7,12.9
1797,4.0,12.7
1798,3.7,12.6
1799,3.8,12.2
1800,3.8,11.4
1801,3.7,11.5
1802,3.7,11.5
1803,4.0,10.5
1804,3.9,10.5
1805,3.7,10.2
1806,3.6,10.0
1807,3.7,10.5
1808,3.7,10.1
1809,3.7,10.1
1810,2.1,10.2
1811,1.7,10.0
1812,2.3,9.8
1813,2.2,9.6
1814,2.2,9.6
1815,1.8,9.1
1816,1.0,9.1
1817,0.8,8.9
1818,0.8,8.9
1819,1.0,8.8
1820,1.0,8.3
1821,0.7,8.7
1822,0.7,8.7
1823,1.0,8.7
1824,1.0,8.6
1825,0.7,8.6
1826,0.8,8.7
1827,0.4,8.7
1828,0.3,8.8
1829,-0.0,8.8
1830,-0.3,8.9
1831,-1.6,9.0
1832,-1.9,8.9
1833,-1.9,8.9
1834,-4.0,9.0
1835,-4.3,9.0
1836,-5.4,9.1
1837,-5.8,9.1
1838,-6.6,9.1
1839,-7.1,9.2
1840,-8.1,9.2
1841,-8.1,9.2
1842,-8.5,9.2
1843,-9.8,9.2
1844,-9.8,9.2
1845,-12.1,9.5
1846,-12.4,9.4
1847,-12.9,9.4
1848,-12.8,9.5
1849,-12.8,9.5
1850,-12.8,9.5
1851,-12.6,9.5
1852,-12.4,9.5
1853,-12.4,9.5
1854,-12.4,9.9
1855,-12.3,9.9
1856,-12.3,9.9
1857,-12.3,10.1
1858,-12.1,10.2
1859,-12.0,10.3
1860,-11.9,10.4
1861,-11.8,10.5
1862,-11.6,10.6
1863,-11.6,10.7
1864,-11.2,11.0
1865,-11.2,11.0
1866,-11.3,11.1
1867,-11.2,11.3
1868,-11.0,11.5
1869,-11.0,11.5
1870,-10.7,11.7
1871,-10.7,11.7
1872,-10.7,12.2
1873,-10.7,12.2
1874,-10.8,12.5
1875,-10.8,12.5
1876,-10.8,12.9
1877,-10.8,12.9
1878,-10.7,13.0
1879,-10.9,13.1
1880,-10.7,13.1
1881,-10.7,13.5
1882,-10.7,13.4
1883,-10.7,13.4
1884,-10.8,13.6
1885,-10.6,13.8
1886,-10.8,14.0
1887,-10.8,14.2
1888,-10.6,14.4
1889,-10.7,14.6
1890,-10.6,14.8
1891,-10.5,14.8
1892,-10.4,15.1
1893,-10.1,15.1
1894,-10.2,15.7
1895,-9.8,15.7
1896,-9.8,15.9
1897,-9.7,16.0
1898,-8.8,15.8
1899,-8.8,15.8
1900,-8.7,16.1
1901,-8.7,16.3
1902,-9.3,15.7
1903,-9.3,16.1
1904,-9.3,16.1
1905,-9.2,16.2
1906,-8.9,17.3
1907,-8.9,17.4
1908,-8.8,17.7
1909,-8.8,17.8
1910,-8.9,17.8
1911,-8.9,17.8
1912,-8.6,18.7
1913,-8.6,18.6
1914,-8.6,18.6
1915,-8.6,19.5
1916,-8.6,19.5
1917,-8.5,20.2
1918,-8.5,20.3
1919,-8.5,20.7
1920,-8.4,21.1
1921,-9.0,21.4
1922,-8.5,21.6
1923,-8.9,21.6
1924,-8.5,22.3
1925,-8.6,22.7
1926,-8.7,22.6
1927,-8.7,22.6
1928,-10.4,22.8
1929,-8.5,23.6
1930,-10.4,23.3
1931,-8.5,23.8
1932,-9.0,24.5
1933,-10.3,24.0
1934,-8.9,24.7
1935,-8.9,25.0
1936,-8.4,25.5
1937,-8.4,25.5
1938,-8.7,25.6
1939,-8.5,25.9
1940,-8.5,25.9
1941,-8.4,26.3
1942,-8.6,26.3
1943,-8.1,27.2
1944,-8.1,27.2
1945,-7.9,27.0
1946,-7.8,27.4
1947,-7.9,27.6
1948,-7.7,27.9
1949,-8.0,27.6
1950,-8.0,27.7
1951,-8.0,28.1
1952,-8.1,28.1
1953,-7.9,28.1
1954,-8.1,28.5
1955,-7.6,28.7
1956,-7.4,28.7
1957,-7.4,28.7
1958,-8.0,28.7
1959,-7.4,28.9
1960,-7.5,29.0
1961,-7.7,28.7
1962,-7.8,28.8
1963,-7.8,28.8
1964,-8.4,28.7
1965,-8.4,28.7
1966,-9.4,29.1
1967,-10.1,28.7
1968,-10.1,28.7
1969,-10.1,28.7
1970,-12.8,29.0
1971,-13.9,29.0
1972,-15.2,29.2
1973,-15.6,29.3
1974,-16.1,29.4
1975,-16.9,29.6
1976,-17.9,29.5
1977,-18.2,30.1
1978,-18.5,29.8
1979,-18.5,29.8
1980,-18.5,29.8
1981,-19.4,30.3
1982,-19.4,29.8
1983,-19.4,29.8
1984,-19.3,29.6
1985,-19.4,29.9
1986,-19.4,29.9
1987,-19.0,29.7
1988,-19.0,29.6
1989,-18.9,29.5
1990,-18.9,29.2
1991,-18.8,29.3
1992,-18.6,29.2
1993,-18.8,29.3
1994,-18.3,28.4
1995,-17.9,27.9
1996,-18.0,27.9
1997,-17.6,27.4
1998,-17.4,27.4
1999,-17.4,27.0
2000,-17.4,26.7
2001,-17.6,26.2
2002,-17.2,26.2
2003,-17.2,26.2
2004,-17.6,25.4
2005,-17.3,25.1
2006,-17.3,25.0
2007,-17.4,24.5
2008,-17.8,24.2
2009,-17.5,24.0
2010,-17.5,24.1
2011,-17.6,23.8
2012,-17.7,23.4
2013,-18.0,22.9
2014,-18.0,22.9
2015,-18.5,22.5
2016,-18.5,22.5
2017,-18.8,22.2
2018,-18.9,21.9
2019,-18.9,21.7
2020,-19.1,21.1
2021,-19.2,21.0
2022,-19.3,20.8
2023,-19.4,20.6
2024,-19.4,20.2
2025,-19.5,20.4
2026,-19.5,20.4
2027,-18.9,19.6
2028,-19.0,19.2
2029,-19.2,18.8
2030,-20.3,18.8
2031,-19.6,18.1
2032,-19.1,18.1
2033,-19.1,17.5
2034,-19.0,17.4
2035,-19.7,16.6
2036,-19.8,16.3
2037,-19.8,16.2
2038,-20.9,14.8
2039,-21.9,15.4
2040,-19.1,15.5
2041,-19.1,15.4
2042,-18.7,15.2
2043,-18.7,15.0
2044,-19.1,14.6
2045,-18.6,14.2
2046,-17.9,13.9
2047,-17.8,13.9
2048,-17.7,13.6
2049,-17.7,13.6
2050,-17.7,13.4
2051,-17.7,13.1
2052,-17.7,12.7
2053,-17.7,12.7
2054,-17.3,12.2
2055,-17.0,11.9
2056,-16.7,11.8
2057,-16.7,11.8
2058,-16.2,11.4
2059,-16.9,10.2
2060,-16.9,10.2
2061,-16.9,10.2
2062,-17.5,10.2
2063,-17.4,10.2
2064,-17.7,10.2
2065,-16.7,9.6
2066,-18.5,9.8
2067,-19.5,9.4
2068,-19.0,9.7
2069,-19.6,9.6
2070,-19.5,9.6
2071,-19.6,9.6
2072,-19.6,9.6
2073,-20.3,9.2
2074,-19.6,9.6
2075,-19.6,9.7
2076,-20.4,9.3
2077,-20.6,9.3
2078,-20.5,9.4
2079,-20.5,9.4
2080,-20.2,10.0
2081,-20.4,10.0
2082,-22.1,10.0
2083,-22.3,10.0
2084,-22.3,10.0
2085,-22.8,10.8
2086,-22.8,10.8
2087,-23.0,10.9
2088,-23.5,11.1
2089,-23.5,11.1
2090,-25.8,11.5
2091,-26.4,11.6
2092,-26.7,11.6
2093,-27.3,11.8
2094,-27.4,11.9
2095,-27.5,12.0
2096,-27.5,12.4
2097,-27.4,12.4
2098,-27.4,12.9
2099,-27.3,13.0
2100,-27.4,13.7
2101,-27.4,13.6
2102,-27.6,14.1
2103,-27.5,14.4
2104,-27.6,14.6
2105,-28.2,14.5
2106,-28.3,14.6
2107,-28.4,15.1
2108,-27.6,15.5
2109,-27.6,15.5
2110,-27.1,16.3
2111,-27.1,16.1
2112,-27.1,16.2
2113,-28.7,16.1
2114,-28.7,16.1
2115,-27.6,17.3
2116,-27.6,17.3
2117,-28.0,17.7
2118,-28.0,17.8
2119,-28.1,17.9
2120,-28.3,18.2
2121,-28.3,18.2
2122,-28.9,18.6
2123,-28.9,18.6
2124,-29.1,18.8
2125,-30.2,18.9
2126,-30.5,19.2
2127,-30.6,19.2
2128,-30.5,19.7
2129,-30.7,20.0
2130,-31.5,20.4
2131,-31.0,20.7
2132,-31.3,21.0
2133,-31.4,21.1
2134,-31.5,21.7
2135,-31.6,21.7
2136,-32.4,21.8
2137,-32.0,22.1
2138,-32.1,22.4
2139,-32.4,22.6
2140,-33.1,22.7
2141,-34.5,23.0
2142,-34.4,23.1
2143,-34.5,22.9
2144,-34.4,23.4
2145,-34.5,23.6
2146,-34.5,23.9
2147,-34.9,24.9
2148,-35.2,23.8
2149,-33.9,26.0
2150,-36.1,25.1
2151,-36.3,25.6
2152,-34.9,28.0
2153,-34.3,28.0
2154,-34.7,28.8
2155,-35.0,29.1
2156,-35.6,29.5
2157,-35.3,30.4
2158,-35.4,30.4
2159,-36.1,30.6
2160,-36.4,31.1
2161,-35.8,31.0
2162,-36.2,31.8
2163,-36.6,32.2
2164,-36.1,32.6
2165,-36.7,32.5
2166,-36.9,32.9
2167,-37.1,33.2
2168,-37.1,33.6
2169,-37.2,34.2
2170,-37.3,34.1
2171,-37.4,34.2
2172,-37.4,34.2
2173,-37.6,34.5
2174,-37.8,35.5
2175,-37.9,35.2
2176,-38.0,35.9
2177,-38.1,36.0
2178,-38.0,36.3
2179,-38.0,36.5
2180,-38.0,36.7
2181,-38.0,36.7
2182,-38.1,36.9
2183,-38.1,36.9
2184,-37.8,36.8
2185,-37.9,37.1
2186,-37.6,37.2
2187,-37.4,36.7
2188,-37.4,36.5
2189,-37.0,36.0
2190,-36.5,35.6
2191,-36.4,35.7
2192,-36.0,35.3
2193,-35.9,35.0
2194,-35.8,35.2
2195,-35.0,34.7
2196,-34.9,34.4
2197,-34.4,34.4
2198,-34.1,34.2
2199,-33.9,33.9
2200,-33.6,34.0
2201,-32.9,33.3
2202,-32.6,33.5
2203,-32.2,33.1
2204,-32.1,33.0
2205,-32.0,32.5
2206,-32.0,32.5
2207,-31.8,32.7
2208,-31.2,31.7
2209,-30.6,31.5
2210,-30.7,31.2
2211,-30.5,30.8
2212,-30.5,30.8
2213,-30.0,30.4
2214,-29.9,29.9
2215,-29.5,29.3
2216,-29.4,29.1
2217,-29.2,28.5
2218,-28.7,28.7
2219,-29.0,28.1
2220,-28.8,27.6
2221,-28.9,27.6
2222,-28.5,27.1
2223,-28.3,26.2
2224,-27.9,26.0
2225,-27.9,25.6
2226,-27.6,25.2
2227,-27.4,25.1
2228,-27.2,24.6
2229,-27.2,24.6
2230,-26.9,23.9
2231,-26.9,23.9
2232,-26.9,23.1
2233,-26.9,22.9
2234,-26.9,22.7
2235,-27.1,22.1
2236,-27.1,21.8
2237,-27.1,21.1
2238,-27.0,21.0
2239,-27.0,20.1
2240,-26.8,19.5
2241,-26.5,19.1
2242,-26.4,18.1
2243,-26.1,17.2
2244,-25.7,16.4
2245,-25.5,16.2
2246,-25.0,15.7
2247,-26.9,14.7
2248,-26.8,14.3
2249,-23.1,14.3
2250,-23.9,13.7
2251,-22.5,12.8
2252,-21.9,12.3
2253,-21.6,12.1
2254,-19.5,11.6
2255,-18.8,11.4
2256,-17.7,10.3
2257,-16.5,10.1
2258,-14.7,9.8
2259,-14.1,9.7
2260,-11.8,10.0
2261,-11.6,9.9
2262,-10.7,10.1
2263,-9.9,10.0
2264,-9.2,10.1
2265,-6.1,9.5
2266,-1.6,9.4
2267,-0.0,9.4
2268,5.1,9.5
2269,7.5,9.5
2270,9.7,9.7
2271,12.5,10.1
2272,14.8,10.6
2273,15.6,10.6
2274,17.3,11.3
2275,17.8,11.4
2276,17.8,11.4
2277,21.3,11.6
2278,22.7,12.8
2279,23.4,12.9
2280,24.9,13.7
2281,26.0,14.0
2282,26.4,14.2
2283,27.8,15.2
2284,28.9,16.3
2285,29.3,16.4
2286,31.1,17.1
2287,31.6,17.7
2288,31.6,17.7
2289,31.9,19.1
2290,32.9,20.1
2291,33.7,20.5
2292,34.3,21.6
2293,34.4,21.9
2294,34.8,23.4
2295,34.6,23.3
2296,37.5,23.1
2297,34.8,24.5
2298,35.0,24.7
2299,35.0,24.7
2300,35.6,26.6
2301,35.7,26.9
2302,35.9,27.6
2303,35.9,27.9
2304,36.1,28.3
2305,36.1,28.3
2306,38.4,27.5
2307,36.4,29.4
2308,36.4,29.9
2309,36.4,29.9
2310,36.4,30.6
2311,36.3,31.0
2312,36.3,31.4
2313,36.1,31.8
2314,36.0,32.0
2315,35.2,32.4
2316,35.2,32.4
2317,34.5,32.6
2318,34.5,31.8
2319,33.9,31.9
2320,33.8,31.7
2321,33.8,31.7
2322,32.8,31.2
2323,32.5,31.3
2324,31.6,30.7
2325,30.0,30.7
2326,29.2,30.5
2327,28.0,30.0
2328,27.4,29.9
2329,25.3,29.1
2330,25.3,29.1
2331,23.7,28.7
2332,23.7,28.7
2333,22.2,28.4
2334,21.7,28.3
2335,20.6,28.4
2336,20.1,28.1
2337,17.1,27.8
2338,14.9,27.7
2339,13.8,27.4
2340,13.8,27.4
2341,11.0,26.9
2342,9.5,27.1
2343,9.0,26.9
2344,8.0,26.9
2345,5.5,26.9
2346,4.4,26.8
2347,3.5,26.8
2348,1.3,26.7
2349,0.8,26.5
2350,0.1,26.8
2351,-2.1,26.9
2352,-3.9,26.9
2353,-6.6,27.4
2354,-7.5,27.5
2355,-8.9,27.2
2356,-11.1,27.9
2357,-12.3,27.8
2358,-13.7,28.6
2359,-16.2,28.5
2360,-16.6,28.8
2361,-17.8,29.2
2362,-18.7,29.4
2363,-20.4,29.6
2364,-22.1,30.0
2365,-23.4,30.7
2366,-24.5,31.0
2367,-25.7,31.0
2368,-27.2,31.2
2369,-28.0,31.5
2370,-28.9,32.0
2371,-29.3,32.0
2372,-30.3,32.8
2373,-30.6,32.4
2374,-31.8,33.2
2375,-32.1,33.1
2376,-33.9,33.9
2377,-34.4,34.2
2378,-35.4,34.6
2379,-35.7,34.3
2380,-36.6,34.5
2381,-36.9,34.6
2382,-37.5,34.9
2383,-37.5,35.0
2384,-37.6,35.2
2385,-37.6,35.3
2386,-37.2,35.0
2387,-37.2,35.0
2388,-35.7,34.5
2389,-35.4,34.5
2390,-34.7,34.3
2391,-33.7,33.7
2392,-33.3,33.3
2393,-31.6,33.4
2394,-31.1,33.3
2395,-29.6,32.8
2396,-28.1,33.1
2397,-25.8,32.2
2398,-25.4,32.0
2399,-24.4,31.5
2400,-20.2,31.0
2401,-19.4,30.7
2402,-18.5,30.8
2403,-14.7,30.4
2404,-13.6,30.3
2405,-9.2,32.6
2406,-8.1,32.8
2407,-4.0,31.7
2408,-3.0,30.3
2409,0.9,31.4
2410,1.6,29.3
2411,1.6,29.3
2412,4.0,29.0
2413,6.9,29.0
2414,7.3,28.8
2415,9.3,28.7
2416,10.7,28.8
2417,11.7,29.1
2418,11.4,28.9
2419,13.0,29.0
2420,14.4,29.0
2421,15.0,29.3
2422,14.9,29.4
2423,16.4,29.0
2424,16.6,29.1
2425,17.3,29.1
2426,17.7,28.8
2427,18.0,28.4
2428,18.1,28.4
2429,18.5,27.9
2430,18.7,27.8
2431,19.2,27.2
2432,19.7,27.0
2433,19.8,26.4
2434,20.4,25.5
2435,20.4,25.5
2436,20.6,24.4
2437,21.1,24.0
2438,21.3,22.8
2439,21.5,21.8
2440,21.5,21.3
2441,21.3,20.3
2442,21.4,19.8
2443,21.1,18.6
2444,21.1,18.4
2445,20.9,17.3
2446,20.9,17.3
2447,20.7,16.3
2448,20.8,15.3
2449,20.2,15.0
2450,19.3,13.3
2451,19.4,13.6
2452,22.9,11.1
2453,22.9,11.1
2454,20.4,11.0
2455,21.4,11.0
2456,21.8,10.6
2457,21.7,10.6
2458,21.2,10.7
2459,21.2,10.7
2460,19.5,11.1
2461,18.9,11.1
2462,17.1,10.8
2463,16.4,11.0
2464,15.6,11.2
2465,13.5,11.8
2466,13.5,11.8
2467,9.6,14.0
2468,9.6,14.0
2469,9.3,14.2
2470,8.2,15.2
2471,7.6,16.1
2472,6.4,17.8
2473,6.1,18.2
2474,6.1,18.2
2475,4.2,21.2
2476,3.5,22.9
2477,2.8,24.4
2478,2.8,24.4
2479,2.3,24.8
2480,1.9,26.3
2481,1.8,26.1
2482,0.3,25.4
2483,0.3,25.4
2484,1.8,24.8
2485,0.5,25.7
2486,0.5,25.7
2487,1.4,26.0
2488,1.4,26.0
2489,1.2,26.1
2490,1.2,26.1
2491,0.0,23.5
2492,0.0,23.5
2493,-0.9,21.9
2494,-1.0,21.5
2495,-1.8,20.1
2496,-2.5,18.8
2497,-3.7,16.4
2498,-4.1,15.9
2499,-5.7,13.5
2500,-8.5,11.9
2501,-6.7,10.3
2502,-5.2,11.3
2503,-4.7,10.4
2504,-4.8,10.3
2505,-4.7,10.1
2506,-4.9,10.0
2507,-4.9,10.0
2508,-4.6,9.9
2509,-5.4,9.4
2510,-5.6,9.9
2511,-4.2,9.9
2512,-4.2,9.9
2513,-5.4,9.8
2514,-4.8,10.2
2515,-6.0,10.2
2516,-4.4,9.8
2517,-4.4,9.8
2518,-6.1,10.1
2519,-6.3,10.2
2520,-6.5,10.4
2521,-6.6,10.6
2522,-6.6,10.8
2523,-6.2,12.3
2524,-6.1,12.8
2525,-6.7,13.7
2526,-6.1,15.9
2527,-5.9,16.5
2528,-5.8,17.0
2529,-5.5,18.9
2530,-4.9,18.6
2531,-5.2,22.3
2532,-5.2,22.3
2533,-5.7,24.4
2534,-5.7,24.5
2535,-6.1,25.4
2536,-5.8,25.6
2537,-5.8,24.3
2538,-5.7,26.1
2539,-7.0,25.5
2540,-5.7,24.2
2541,-5.6,26.1
2542,-5.7,25.9
2543,-5.7,25.9
2544,-5.7,25.9
2545,-5.7,25.8
2546,-5.8,24.2
2547,-5.8,25.9
2548,-5.8,25.8
2549,-5.7,25.8
2550,-5.5,26.2
2551,-6.0,25.8
2552,-6.0,26.0
2553,-6.3,25.8
2554,-7.4,26.5
2555,-9.8,26.3
2556,-10.6,26.5
2557,-13.7,26.7
2558,-14.6,26.8
2559,-16.5,26.8
2560,-22.7,27.7
2561,-23.5,28.2
2562,-26.2,28.6
2563,-27.5,29.1
2564,-27.8,28.9
2565,-28.5,28.7
2566,-28.1,28.9
2567,-28.0,29.2
2568,-28.0,28.8
2569,-28.4,28.6
2570,-28.5,29.3
2571,-28.5,28.9
2572,-28.6,28.6
2573,-28.6,28.4
2574,-28.7,28.0
2575,-28.7,28.0
2576,-28.7,27.9
2577,-28.7,28.1
2578,-29.3,28.1
2579,-29.3,28.3
2580,-28.5,28.0
2581,-28.8,27.9
2582,-28.8,27.9
2583,-28.4,28.1
2584,-29.3,27.9
2585,-28.9,28.2
2586,-28.9,28.2
2587,-28.7,28.2
2588,-28.5,27.9
2589,-28.3,27.9
2590,-27.2,28.1
2591,-27.4,28.1
2592,-27.3,27.8
2593,-27.5,28.2
2594,-27.5,28.2
2595,-27.5,28.2
2596,-28.1,28.4
2597,-28.1,28.5
2598,-28.2,28.5
2599,-28.2,28.5
2600,-27.1,28.7
2601,-27.0,28.0
2602,-27.2,28.3
2603,-26.6,27.3
2604,-25.9,26.5
2605,-25.2,25.8
2606,-23.8,25.8
2607,-23.6,23.7
2608,-24.3,22.6
2609,-21.3,20.3
2610,-19.5,18.3
2611,-19.0,17.9
2612,-19.0,17.9
2613,-17.0,16.3
2614,-16.1,16.1
2615,-15.7,14.7
2616,-15.5,14.5
2617,-18.0,13.5
2618,-14.9,13.1
2619,-14.0,13.0
2620,-13.8,12.8
2621,-13.7,12.1
2622,-13.6,11.6
2623,-13.6,11.6
2624,-13.9,11.0
2625,-13.5,11.1
2626,-13.3,10.8
2627,-14.1,10.3
2628,-14.2,10.3
2629,-13.2,10.8
2630,-13.2,10.8
2631,-14.6,11.0
2632,-14.3,11.3
2633,-14.3,11.3
2634,-14.2,11.2
2635,-14.8,10.9
2636,-14.8,10.9
2637,-14.3,11.3
2638,-14.5,10.8
2639,-13.3,11.1
2640,-12.8,10.5
2641,-9.4,10.4
2642,-9.4,10.4
2643,-5.3,10.2
2644,-4.2,10.1
2645,-1.0,10.6
2646,-1.0,10.6
2647,6.2,10.5
2648,7.6,10.7
2649,12.5,12.0
2650,17.7,12.8
2651,18.8,13.2
2652,21.6,14.3
2653,23.6,14.8
2654,25.9,15.1
2655,26.1,15.2
2656,27.4,15.2
2657,28.1,14.6
2658,26.8,15.2
2659,26.8,15.2
2660,26.8,15.2
2661,26.7,15.2
2662,26.8,15.2
2663,26.8,15.2
2664,28.1,14.5
2665,28.1,14.5
2666,26.6,15.3
2667,26.6,15.4
2668,26.5,15.3
2669,26.5,15.4
2670,26.3,15.7
2671,26.3,15.8
2672,26.3,16.4
2673,26.5,17.3
2674,27.0,18.2
2675,27.0,18.2
2676,27.3,19.3
2677,28.4,21.2
2678,28.2,21.9
2679,29.1,23.5
2680,29.3,23.9
2681,29.8,24.4
2682,32.2,23.3
2683,32.0,23.4
2684,32.0,23.2
2685,32.2,23.0
2686,32.1,23.2
2687,29.3,23.8
2688,29.3,23.8
2689,29.3,23.8
2690,29.8,24.4
2691,29.6,24.4
2692,29.6,24.4
2693,29.6,24.3
2694,29.6,24.3
2695,29.2,24.6
2696,29.3,24.2
2697,29.0,24.0
2698,28.6,24.1
2699,28.4,24.2
2700,27.2,23.8
2701,25.6,23.4
2702,25.1,23.5
2703,22.8,22.9
2704,22.1,22.6
2705,19.2,22.4
2706,18.3,22.7
2707,15.2,22.5
2708,13.0,22.1
2709,9.2,21.5
2710,7.7,20.6
2711,7.9,20.9
2712,7.9,20.9
2713,8.1,20.7
2714,8.1,20.7
2715,8.3,20.9
2716,8.2,20.7
2717,7.7,20.8
2718,8.3,20.9
2719,8.5,20.9
2720,8.0,20.6
2721,8.0,20.7
2722,8.0,20.7
2723,7.9,20.7
2724,7.7,20.5
2725,7.1,21.1
2726,6.5,20.7
2727,4.3,21.1
2728,3.6,21.3
2729,1.6,21.0
2730,-0.8,21.3
2731,-3.4,21.1
2732,-4.5,20.8
2733,-4.3,20.8
2734,-4.3,20.6
2735,-4.0,20.8
2736,-3.9,21.0
2737,-4.4,20.8
2738,-4.4,20.8
2739,-4.4,20.6
2740,-4.2,20.6
2741,-4.0,20.8
2742,-4.3,20.6
2743,-4.2,20.7
2744,-4.6,20.5
2745,-4.7,20.8
2746,-4.8,20.8
2747,-6.2,20.7
2748,-6.8,21.0
2749,-9.3,21.6
2750,-11.2,21.2
2751,-11.2,21.2
2752,-10.9,21.3
2753,-11.0,21.1
2754,-11.1,20.9
2755,-11.1,21.0
2756,-11.0,21.1
2757,-11.1,21.1
2758,-11.0,21.1
2759,-10.7,21.3
2760,-10.7,21.4
2761,-11.3,21.0
2762,-11.1,21.6
2763,-11.9,21.6
2764,-16.0,21.8
2765,-17.3,21.8
2766,-18.4,21.8
2767,-18.4,21.8
2768,-18.3,21.6
2769,-18.3,21.5
2770,-17.7,21.7
2771,-18.3,21.6
2772,-18.3,21.6
2773,-18.3,21.6
2774,-18.3,21.6
2775,-18.4,21.8
2776,-18.4,21.4
2777,-18.5,21.8
2778,-18.5,21.6
2779,-19.4,22.0
2780,-19.7,22.3
2781,-21.9,22.7
2782,-22.6,22.7
2783,-24.6,22.7
2784,-25.2,22.6
2785,-25.5,23.0
2786,-25.5,23.0
2787,-25.5,22.8
2788,-25.1,22.8
2789,-25.4,22.6
2790,-24.9,22.7
2791,-24.9,22.7
2792,-25.5,22.8
2793,-25.4,22.8
2794,-25.8,22.7
2795,-26.7,23.1
2796,-27.1,23.3
2797,-28.0,23.2
2798,-30.8,23.6
2799,-31.4,23.8
2800,-31.9,24.1
2801,-31.2,23.7
2802,-32.2,23.7
2803,-31.5,23.6
2804,-32.0,23.8
2805,-31.9,23.6
2806,-31.9,23.9
2807,-31.4,23.9
2808,-31.4,23.9
2809,-31.9,23.6
2810,-32.0,23.6
2811,-32.0,23.6
2812,-31.4,23.5
2813,-31.9,24.3
2814,-31.5,26.0
2815,-31.6,25.7
2816,-31.4,26.1
2817,-31.1,26.5
2818,-31.6,26.4
2819,-31.7,25.7
2820,-31.7,25.7
2821,-31.6,26.3
2822,-31.7,26.1
2823,-31.7,26.1
2824,-31.8,26.1
2825,-31.2,26.6
2826,-31.8,26.5
2827,-31.1,26.5
2828,-31.9,26.9
2829,-32.8,27.6
2830,-33.8,29.1
2831,-34.2,29.5
2832,-35.0,29.6
2833,-35.0,29.9
2834,-35.8,29.9
2835,-35.7,29.7
2836,-35.7,29.8
2837,-35.5,30.1
2838,-35.7,29.9
2839,-35.5,29.8
2840,-34.6,29.9
2841,-34.5,29.8
2842,-35.4,29.9
2843,-34.5,30.7
2844,-34.2,31.0
2845,-33.6,31.0
2846,-32.9,32.1
2847,-33.0,32.4
2848,-32.2,32.9
2849,-32.6,33.2
2850,-32.4,32.6
2851,-32.3,32.6
2852,-32.3,32.6
2853,-32.3,32.6
2854,-32.3,32.6
2855,-32.8,32.7
2856,-32.8,32.3
2857,-32.8,32.3
2858,-32.8,32.6
2859,-32.7,33.1
2860,-32.5,32.3
2861,-32.3,32.5
2862,-32.3,32.5
2863,-32.4,32.2
2864,-32.6,31.5
2865,-32.6,29.9
2866,-32.6,29.6
2867,-32.7,29.5
2868,-32.7,29.3
2869,-32.3,28.9
2870,-32.6,29.3
2871,-32.6,29.5
2872,-32.2,29.2
2873,-32.2,29.2
2874,-32.4,29.4
2875,-31.2,29.5
2876,-29.0,29.1
2877,-27.7,28.4
2878,-27.4,28.9
2879,-24.3,27.6
2880,-24.5,27.4
2881,-24.6,27.3
2882,-24.6,28.1
2883,-24.6,27.7
2884,-24.6,27.7
2885,-24.2,27.6
2886,-25.1,27.6
2887,-24.5,27.1
2888,-25.0,27.5
2889,-24.4,27.3
2890,-24.1,26.9
2891,-23.9,27.0
2892,-23.7,27.1
2893,-22.1,26.9
2894,-21.8,27.0
2895,-19.6,26.3
2896,-19.2,25.8
2897,-19.2,25.8
2898,-18.5,25.7
2899,-18.9,25.6
2900,-18.4,26.0
2901,-19.3,25.7
2902,-18.7,25.6
2903,-18.7,25.6
2904,-18.7,25.6
2905,-18.4,25.6
2906,-18.3,25.7
2907,-17.6,25.8
2908,-16.5,25.9
2909,-11.9,25.8
2910,-11.5,25.0
2911,-11.4,24.8
2912,-11.6,24.9
2913,-10.7,25.1
2914,-11.1,25.0
2915,-11.0,25.1
2916,-11.0,24.7
2917,-11.0,24.7
2918,-11.0,24.7
2919,-11.0,24.7
2920,-10.9,24.7
2921,-9.4,25.3
2922,-9.3,25.3
2923,-7.5,25.1
2924,-3.7,25.0
2925,-3.4,24.8
2926,-1.5,24.4
2927,-1.5,24.4
2928,-1.6,24.4
2929,-1.6,24.4
2930,-1.3,24.5
2931,-1.7,24.2
2932,-2.1,24.4
2933,-1.3,24.6
2934,-1.0,24.6
2935,-0.2,24.9
2936,0.3,24.8
2937,0.8,24.8
2938,3.0,24.8
2939,6.2,25.4
2940,7.9,25.3
2941,11.1,25.8
2942,11.5,25.4
2943,12.0,25.1
2944,11.9,25.1
2945,11.2,25.3
2946,11.7,25.1
2947,12.1,25.2
2948,12.0,25.0
2949,11.7,25.2
2950,12.0,25.4
2951,12.1,25.3
2952,12.1,25.1
2953,11.9,25.1
2954,12.4,25.6
2955,11.8,25.0
2956,13.1,25.6
2957,15.3,26.3
2958,17.8,27.0
2959,19.9,27.2
2960,20.3,27.3
2961,21.5,27.4
2962,21.1,27.2
2963,21.2,27.6
2964,20.7,27.7
2965,21.1,27.5
2966,21.1,27.5
2967,20.9,27.5
2968,21.7,27.7
2969,21.4,27.6
2970,22.4,28.0
2971,24.4,28.7
2972,24.4,28.7
2973,25.2,29.4
2974,27.1,29.7
2975,27.4,29.9
2976,27.8,30.2
2977,27.9,30.2
2978,27.9,29.7
2979,27.9,29.8
2980,28.0,30.1
2981,28.1,30.2
2982,28.1,30.2
2983,28.2,29.8
2984,28.2,30.1
2985,28.8,30.8
2986,29.1,30.9
2987,29.4,31.3
2988,29.4,31.3
2989,31.6,32.4
2990,32.3,33.0
2991,33.1,33.8
2992,34.9,34.7
2993,34.7,34.4
2994,35.0,34.5
2995,35.0,34.5
2996,35.2,35.0
2997,34.8,34.6
2998,35.3,34.6
2999,34.9,34.4
3000,34.9,34.8
3001,34.9,34.4
3002,34.9,34.5
3003,35.0,33.7
3004,35.0,34.3
3005,34.9,34.3
3006,34.7,34.1
3007,34.6,33.6
3008,34.5,33.1
3009,34.4,32.5
3010,34.4,32.5
3011,34.0,31.0
3012,34.3,30.8
3013,34.3,31.0
3014,34.3,30.9
3015,34.3,31.0
3016,34.3,31.0
3017,34.1,30.5
3018,34.2,30.7
3019,34.1,30.5
3020,34.0,29.9
3021,33.6,30.1
3022,33.6,29.4
3023,33.4,29.0
3024,33.1,27.7
3025,33.0,27.7
3026,33.1,27.8
3027,33.1,27.5
3028,33.1,27.5
3029,33.1,27.7
3030,33.2,27.6
3031,33.1,27.5
3032,33.1,27.8
3033,33.1,27.8
3034,33.0,27.8
3035,32.6,27.5
3036,32.5,27.6
3037,32.9,27.4
3038,32.0,26.2
3039,31.8,25.8
3040,30.8,24.0
3041,30.7,23.6
3042,31.5,23.5
3043,31.5,23.4
3044,30.7,23.5
3045,30.7,23.5
3046,30.7,23.5
3047,30.7,23.5
3048,30.1,22.1
3049,29.9,22.4
3050,29.2,22.0
3051,29.2,22.0
3052,28.7,20.9
3053,28.7,20.9
3054,27.9,20.9
3055,28.0,20.3
3056,27.8,19.6
3057,27.4,19.6
3058,27.4,19.6
3059,26.5,18.8
3060,27.0,19.0
3061,26.9,19.0
3062,26.5,18.8
3063,26.5,18.8
3064,26.7,19.1
3065,27.0,18.6
3066,26.9,18.7
3067,26.2,18.2
3068,25.9,18.2
3069,25.9,18.2
3070,25.2,16.6
3071,24.8,16.3
3072,24.8,16.0
3073,24.7,16.0
3074,24.7,15.9
3075,24.7,15.9
3076,24.0,16.2
3077,23.9,16.3
3078,23.2,15.8
3079,23.2,15.8
3080,23.0,16.0
3081,22.7,16.5
3082,22.2,17.6
3083,22.0,17.8
3084,24.3,18.4
3085,20.5,19.9
3086,20.5,19.9
3087,22.7,19.8
3088,22.7,19.7
3089,20.3,20.2
3090,20.3,20.2
3091,23.0,20.0
3092,22.9,20.1
3093,19.8,21.4
3094,19.8,21.5
3095,22.1,21.7
3096,21.9,21.8
3097,21.9,21.8
3098,19.5,23.6
3099,19.1,23.9
3100,19.3,23.8
3101,19.3,23.8
3102,19.5,23.8
3103,19.4,23.4
3104,19.2,23.6
3105,18.7,23.5
3106,18.7,23.6
3107,18.1,23.7
3108,16.3,23.2
3109,13.9,22.7
3110,13.9,22.8
3111,12.4,22.1
3112,12.0,22.2
3113,12.0,22.2
3114,11.8,22.1
3115,11.1,22.3
3116,10.9,22.0
3117,9.8,22.3
3118,9.4,22.3
3119,7.3,22.1
3120,6.4,22.1
3121,5.0,21.9
3122,3.5,21.7
3123,2.8,21.7
3124,1.6,21.9
3125,1.9,22.5
3126,0.5,21.7
3127,0.2,21.8
3128,-1.0,22.2
3129,-0.8,22.2
3130,-1.4,22.2
3131,-2.0,22.4
3132,-3.2,22.1
3133,-4.6,22.5
3134,-5.1,22.6
3135,-5.1,22.6
3136,-5.1,22.6
3137,-6.8,22.0
3138,-7.2,22.3
3139,-8.0,22.8
3140,-8.1,22.5
3141,-8.2,22.5
3142,-9.5,22.4
3143,-9.1,22.6
3144,-10.0,22.6
3145,-11.1,22.6
3146,-11.1,22.6
3147,-11.7,22.5
3148,-11.7,22.5
3149,-11.3,22.5
3150,-12.3,22.7
3151,-12.8,22.8
3152,-12.9,22.8
3153,-13.1,22.9
3154,-13.2,22.7
3155,-14.1,22.8
3156,-14.4,22.8
3157,-15.3,23.2
3158,-15.3,23.2
3159,-15.8,23.0
3160,-16.4,23.3
3161,-16.6,23.5
3162,-17.7,23.5
3163,-17.8,23.5
3164,-17.8,23.1
3165,-17.8,23.2
3166,-17.6,23.2
3167,-17.6,23.2
3168,-17.7,23.3
3169,-16.9,23.1
3170,-17.6,23.3
3171,-17.6,23.3
3172,-17.6,23.3
3173,-17.3,23.2
3174,-16.7,23.4
3175,-16.9,23.5
3176,-16.9,23.2
3177,-17.6,22.7
3178,-17.3,22.9
3179,-18.0,22.5
3180,-18.3,21.9
3181,-17.8,21.9
3182,-18.6,21.1
3183,-18.6,21.1
3184,-17.9,21.1
3185,-18.7,20.9
3186,-18.7,21.1
3187,-18.8,20.8
3188,-18.8,20.9
3189,-19.0,20.4
3190,-19.0,20.7
3191,-18.9,19.8
3192,-19.8,19.6
3193,-20.2,18.9
3194,-20.3,18.8
3195,-20.3,18.4
3196,-20.4,18.3
3197,-19.0,18.1
3198,-20.4,18.4
3199,-20.4,18.3
3200,-21.8,17.9
3201,-20.2,18.3
3202,-21.8,17.8
3203,-22.0,17.4
3204,-22.0,17.2
3205,-22.4,16.1
3206,-22.1,14.4
3207,-21.9,14.1
3208,-19.7,15.2
3209,-21.0,14.8
3210,-19.6,15.0
3211,-19.7,14.9
3212,-19.7,14.9
3213,-21.2,14.9
3214,-19.8,14.8
3215,-21.3,14.7
3216,-21.5,14.4
3217,-20.1,14.0
3218,-20.0,14.0
3219,-19.7,12.5
3220,-19.4,12.4
3221,-19.4,12.4
3222,-19.0,11.5
3223,-18.7,11.6
3224,-18.8,11.6
3225,-18.8,11.6
3226,-18.7,11.7
3227,-18.8,11.6
3228,-18.5,11.3
3229,-18.0,10.6
3230,-18.0,10.6
3231,-16.1,9.9
3232,-16.1,10.0
3233,-12.8,9.0
3234,-12.5,8.8
3235,-13.0,9.5
3236,-12.5,9.2
3237,-12.8,9.4
3238,-13.5,9.6
3239,-13.5,9.6
3240,-14.0,9.2
3241,-13.6,9.3
3242,-14.1,9.2
3243,-14.0,9.2
3244,-13.0,9.2
3245,-12.1,9.2
3246,-3.4,9.6
3247,-1.5,9.6
3248,3.7,9.6
3249,3.7,9.4
3250,3.7,9.4
3251,3.5,10.1
3252,3.6,10.0
3253,4.0,9.5
3254,4.2,9.5
3255,5.7,10.2
3256,5.7,10.2
3257,6.4,10.4
3258,10.8,12.2
3259,11.3,12.3
3260,11.0,12.6
3261,11.0,12.6
3262,11.8,12.5
3263,11.2,12.6
3264,11.0,12.6
3265,12.4,12.4
3266,12.3,12.6
3267,12.3,12.6
3268,13.1,12.8
3269,13.2,12.9
3270,11.5,13.6
3271,12.0,13.9
3272,13.9,14.7
3273,13.9,14.9
3274,13.7,15.0
3275,13.6,15.2
3276,13.8,14.3
3277,13.3,15.2
3278,13.3,15.2
3279,13.3,15.2
3280,13.2,15.2
3281,13.1,15.6
3282,13.1,15.6
3283,13.1,15.6
3284,13.1,15.8
3285,13.2,16.2
3286,13.2,16.4
3287,13.1,17.6
3288,12.9,17.6
3289,13.1,17.5
3290,13.2,17.7
3291,13.3,17.7
3292,13.1,17.6
3293,13.2,17.8
3294,13.4,18.1
3295,13.7,19.2
3296,13.7,19.2
3297,14.1,19.7
3298,13.2,19.7
3299,14.0,19.7
3300,13.9,19.6
3301,13.8,19.9
3302,14.1,19.6
3303,13.0,19.7
3304,13.8,20.1
3305,13.3,20.7
3306,13.5,21.1
3307,13.2,21.4
3308,13.2,21.4
3309,13.3,21.3
3310,14.1,21.6
3311,15.2,20.1
3312,12.8,21.0
3313,13.8,21.7
3314,12.7,21.3
3315,12.8,21.7
3316,12.9,22.1
3317,12.9,22.1
3318,13.3,23.1
3319,12.8,22.3
3320,12.8,22.3
3321,12.8,22.4
3322,13.1,23.2
3323,13.5,23.6
3324,13.5,23.4
3325,12.8,23.9
3326,13.3,25.1
3327,13.2,25.6
3328,13.7,27.1
3329,14.0,26.8
3330,14.0,26.8
3331,14.1,27.4
3332,15.6,28.2
3333,16.1,28.0
3334,18.1,28.0
3335,19.0,29.0
3336,20.8,29.8
3337,21.5,29.8
3338,23.3,30.5
3339,23.8,30.7
3340,24.2,30.5
3341,24.5,30.4
3342,24.5,30.4
3343,25.5,30.2
3344,25.0,30.1
3345,25.3,29.7
3346,25.3,29.4
3347,26.2,29.6
3348,25.9,29.5
3349,25.9,29.5
3350,25.2,29.9
3351,25.0,29.9
3352,24.9,29.6
3353,24.4,29.3
3354,23.8,29.3
3355,23.8,29.3
3356,20.8,28.5
3357,19.4,27.8
3358,19.0,27.5
3359,17.1,27.2
3360,17.1,27.2
3361,14.4,26.8
3362,13.5,27.0
3363,12.0,26.3
3364,10.0,26.1
3365,9.3,26.0
3366,9.3,26.0
3367,1.1,26.6
3368,-4.5,27.2
3369,-10.0,27.7
3370,-15.6,28.3
3371,-21.2,28.9
3372,-26.7,29.4
3373,-32.3,30.0
3374,-32.4,29.6
3375,-32.1,29.4
3376,-32.1,29.4
3377,-23.5,29.2
3378,-14.9,29.1
3379,-6.3,28.9
3380,2.4,28.7
3381,11.0,28.5
3382,19.6,28.4
3383,28.2,28.2
3384,29.0,28.0
3385,29.0,27.4
3386,29.0,27.4
3387,28.4,27.3
3388,27.5,26.9
3389,27.8,27.1
3390,27.0,24.2
3391,26.2,21.3
3392,25.4,18.4
3393,24.6,15.5
3394,23.8,12.6
3395,24.0,12.1
3396,24.3,12.0
3397,25.2,12.1
3398,24.5,11.4
3399,24.4,12.0
3400,23.9,12.0
3401,22.6,12.3
3402,16.8,12.1
3403,12.5,12.3
3404,-1.1,11.9
3405,-14.6,11.4
3406,-17.8,11.1
3407,-22.1,11.2
3408,-22.1,11.2
3409,-20.3,11.1
3410,-19.9,10.9
3411,-21.1,10.3
3412,-18.8,11.1
3413,-14.0,11.7
3414,-11.8,11.4
3415,5.4,12.5
3416,8.6,12.1
3417,16.8,12.5
3418,17.2,12.3
3419,16.7,12.3
3420,15.1,14.0
3421,14.6,14.7
3422,12.6,19.5
3423,10.6,24.2
3424,10.6,24.2
3425,10.2,25.8
3426,10.1,25.9
3427,9.5,25.9
3428,9.5,25.9
3429,10.2,25.5
3430,10.4,24.6
3431,11.2,21.7
3432,9.9,19.1
3433,8.7,16.5
3434,7.4,14.0
3435,6.2,11.4
3436,5.2,10.1
3437,5.8,9.9
3438,7.3,8.9
3439,6.4,8.7
3440,7.3,9.5
3441,7.0,9.9
3442,6.0,11.6
3443,4.8,14.3
3444,3.5,17.0
3445,2.3,19.7
3446,1.0,22.4
3447,-0.2,25.1
3448,-2.3,27.2
3449,-3.0,27.6
3450,-2.8,27.7
3451,-3.4,27.6
3452,-2.4,27.9
3453,-3.1,27.1
3454,-3.1,26.2
3455,-5.8,23.8
3456,-8.5,21.3
3457,-11.2,18.9
3458,-13.8,16.5
3459,-16.5,14.1
3460,-19.2,11.6
3461,-21.9,9.2
3462,-20.9,9.8
3463,-19.3,13.0
3464,-17.8,16.1
3465,-16.2,19.2
3466,-14.6,22.4
3467,-13.1,25.6
3468,-11.5,28.7
3469,-11.5,28.7
3470,-12.3,29.2
3471,-12.1,29.5
3472,-12.0,29.5
3473,-12.2,28.8
3474,-11.9,28.8
3475,-11.7,28.5
3476,-11.7,28.5
3477,-11.7,27.6
3478,-11.9,25.0
3479,-13.2,22.2
3480,-14.5,19.5
3481,-15.8,16.7
3482,-17.1,14.0
3483,-18.4,11.2
3484,-19.8,11.0
3485,-20.9,13.0
3486,-22.6,15.6
3487,-24.3,18.2
3488,-26.0,20.8
3489,-27.7,23.4
3490,-29.3,26.0
3491,-31.0,28.6
3492,-32.7,31.2
3493,-34.4,33.8
3494,-34.7,34.3
3495,-35.8,34.0
3496,-35.6,34.1
3497,-35.2,34.2
3498,-35.1,34.1
3499,-33.4,30.6
3500,-31.8,27.0
3501,-30.1,23.5
3502,-28.5,20.0
3503,-26.9,16.4
3504,-25.2,12.9
3505,-20.7,10.0
3506,-19.6,9.7
3507,-15.3,10.6
3508,-15.1,10.2
3509,-16.3,9.6
3510,-16.5,9.4
3511,-17.8,8.6
3512,-17.4,8.4
3513,-9.8,9.0
3514,-5.8,9.1
3515,-0.1,12.9
3516,5.6,16.7
3517,11.3,20.5
3518,17.0,24.3
3519,22.7,28.1
3520,28.4,31.9
3521,34.1,35.7
3522,34.2,35.2
3523,31.1,31.8
3524,28.0,28.4
3525,24.9,25.0
3526,21.9,21.7
3527,18.8,18.3
3528,15.7,14.9
3529,12.6,11.5
3530,13.1,11.5
3531,11.6,11.0
3532,7.7,10.0
3533,8.6,9.8
3534,9.2,10.0
3535,9.1,10.0
3536,9.1,10.0
3537,9.5,10.0
3538,9.0,10.1
3539,10.2,9.5
3540,11.9,9.7
3541,14.9,10.3
3542,15.8,11.3
3543,19.5,12.6
3544,25.0,15.6
3545,25.0,15.6
3546,28.3,17.1
3547,27.7,19.4
3548,29.1,21.7
3549,29.1,22.7
3550,29.0,24.5
3551,29.0,26.3
3552,28.9,28.1
3553,28.8,29.9
3554,28.4,30.6
3555,27.9,30.3
3556,27.9,30.3
3557,24.6,27.3
3558,21.3,24.2
3559,18.0,21.2
3560,14.7,18.2
3561,11.4,15.1
3562,8.1,12.1
3563,6.6,11.7
3564,6.1,11.5
3565,7.4,15.2
3566,8.8,19.0
3567,10.1,22.7
3568,11.4,26.4
3569,10.5,26.7
3570,9.4,27.4
3571,4.3,24.8
3572,-0.9,22.1
3573,-6.0,19.4
3574,-11.1,16.8
3575,-11.7,16.1
3576,-12.4,14.0
3577,-15.8,12.9
3578,-16.1,12.9
3579,-16.1,12.9
3580,-14.8,13.6
3581,-11.6,17.9
3582,-8.4,22.1
3583,-9.0,24.4
3584,-9.0,24.4
3585,-9.4,24.8
3586,-9.9,24.5
3587,-13.2,22.5
3588,-16.6,20.4
3589,-24.9,18.2
3590,-23.5,18.8
3591,-25.9,19.3
3592,-25.9,19.3
3593,-27.8,22.7
3594,-29.8,26.1
3595,-31.7,29.5
3596,-33.6,32.9
3597,-33.6,33.1
3598,-33.5,32.1
3599,-33.3,32.8
3600,-33.4,32.7
3601,-31.6,31.4
3602,-31.0,28.6
3603,-30.4,25.7
3604,-29.9,22.9
3605,-29.3,20.0
3606,-28.7,17.2
3607,-26.4,16.9
3608,-27.7,14.3
3609,-25.4,14.1
3610,-23.1,11.7
3611,-22.7,11.5
3612,-21.3,11.0
3613,-21.4,10.8
3614,-21.7,10.8
3615,-22.1,10.9
3616,-23.8,10.3
3617,-23.8,10.3
3618,-21.7,10.7
3619,-21.4,10.6
3620,-20.9,10.6
3621,-19.7,9.9
3622,-17.8,9.9
3623,-8.6,10.6
3624,0.7,11.4
3625,9.9,12.1
3626,9.9,12.1
3627,18.7,12.5
3628,23.3,13.1
3629,27.6,14.2
3630,23.7,15.0
3631,20.7,13.7
3632,11.6,14.7
3633,2.6,15.6
3634,-6.5,16.6
3635,-15.6,17.6
3636,-24.6,18.5
3637,-33.7,19.5
3638,-34.3,18.7
3639,-30.4,19.3
3640,-22.5,19.7
3641,-14.6,20.1
3642,-6.7,20.5
3643,1.2,20.8
3644,9.1,21.2
3645,17.0,21.6
3646,24.9,22.0
3647,26.0,22.1
3648,26.1,22.4
3649,23.7,24.6
3650,23.7,24.6
3651,15.0,25.1
3652,6.3,25.6
3653,-2.4,26.1
3654,-11.0,26.6
3655,-19.7,27.1
3656,-28.4,27.6
3657,-37.1,28.1
3658,-37.3,27.8
3659,-31.1,28.0
3660,-24.8,28.1
3661,-18.6,28.3
3662,-12.3,28.4
3663,-6.1,28.6
3664,0.2,28.7
3665,6.4,28.9
3666,12.7,29.0
3667,18.9,29.2
3668,25.2,29.3
3669,31.4,29.5
3670,30.9,30.2
3671,26.0,30.4
3672,21.0,30.5
3673,16.1,30.7
3674,11.2,30.9
3675,6.2,31.0
3676,1.3,31.2
3677,-3.6,31.4
3678,-8.5,31.6
3679,-13.5,31.7
3680,-18.4,31.9
3681,-23.3,32.1
3682,-28.3,32.2
3683,-33.2,32.4
3684,-35.0,32.3
3685,-34.7,32.5
3686,-33.4,32.7
3687,-28.2,32.3
3688,-23.0,31.8
3689,-17.8,31.4
3690,-12.6,31.0
3691,-7.4,30.6
3692,-2.1,30.1
3693,3.1,29.7
3694,8.3,29.3
3695,13.5,28.9
3696,18.7,28.4
3697,23.9,28.0
3698,26.5,29.0
3699,29.2,29.9
3700,29.5,30.1
3701,30.5,30.2
3702,30.0,30.4
3703,30.5,30.2
3704,30.4,30.5
3705,30.7,30.5
3706,30.8,31.0
3707,31.4,31.6
3708,31.6,32.0
3709,33.1,33.5
3710,34.0,33.9
3711,34.1,34.2
3712,34.2,33.6
3713,33.8,33.8
3714,33.3,33.2
3715,33.3,33.1
3716,32.0,32.4
3717,29.6,30.7
3718,29.6,30.7
3719,26.0,28.7
3720,25.0,28.9
3721,18.6,28.2
3722,14.7,27.1
3723,11.6,29.7
3724,9.0,26.7
3725,6.1,27.2
3726,-1.3,29.8
3727,-2.6,30.2
3728,-6.4,28.3
3729,-10.0,28.7
3730,-14.3,29.6
3731,-17.3,29.8
3732,-20.2,30.1
3733,-23.2,30.3
3734,-24.8,30.5
3735,-25.1,30.4
3736,-25.4,29.9
3737,-25.4,29.9
3738,-25.4,29.9
3739,-19.4,29.6
3740,-13.5,29.4
3741,-7.5,29.1
3742,-1.5,28.9
3743,4.4,28.6
3744,10.4,28.4
3745,16.4,28.1
3746,22.3,27.9
3747,28.3,27.6
3748,29.9,27.6
3749,29.9,27.4
3750,28.0,26.1
3751,25.0,25.0
3752,22.1,24.0
3753,19.1,22.9
3754,15.3,21.3
3755,9.8,21.5
3756,4.2,21.6
3757,0.6,22.0
3758,-2.9,22.4
3759,-8.8,23.3
3760,-14.6,24.3
3761,-14.6,24.3
3762,-20.2,25.7
3763,-21.0,26.0
3764,-23.0,27.0
3765,-23.0,27.0
3766,-25.0,28.3
3767,-24.6,28.1
3768,-24.6,28.3
3769,-23.8,28.3
3770,-24.2,28.1
3771,-23.0,28.3
3772,-20.5,28.8
3773,-20.5,28.8
3774,-17.0,27.7
3775,-14.8,27.5
3776,-14.1,27.3
3777,-13.4,26.9
3778,-8.9,26.1
3779,-6.9,25.6
3780,-3.1,25.2
3781,-1.4,24.8
3782,3.4,26.5
3783,4.9,25.2
3784,8.7,24.7
3785,12.8,24.6
3786,14.1,24.3
3787,17.6,24.8
3788,19.8,24.9
3789,22.8,24.9
3790,23.4,24.4
3791,25.6,23.9
3792,25.6,23.9
3793,26.6,23.1
3794,26.7,22.9
3795,26.7,22.9
3796,27.0,22.1
3797,26.4,20.0
3798,27.1,18.9
3799,26.9,18.3
3800,26.6,17.4
3801,26.6,17.4
3802,24.9,16.6
3803,24.7,16.2
3804,24.2,16.0
3805,24.1,15.6
3806,24.1,15.3
3807,22.8,14.7
3808,22.3,14.5
3809,19.7,13.0
3810,17.9,12.4
3811,17.9,12.4
3812,16.2,11.4
3813,15.6,11.2
3814,14.7,10.9
3815,13.7,10.5
3816,13.6,10.3
3817,13.6,10.2
3818,13.7,10.1
3819,11.3,10.4
3820,8.5,11.3
3821,8.5,11.3
3822,5.5,12.2
3823,4.9,12.4
3824,3.5,12.8
3825,1.0,13.6
3826,0.5,13.8
3827,-2.0,15.3
3828,-2.4,15.3
3829,-4.1,16.1
3830,-4.4,16.6
3831,-6.5,17.8
3832,-7.6,17.5
3833,-8.9,19.4
3834,-9.2,19.6
3835,-9.8,19.9
3836,-12.4,21.8
3837,-13.8,21.9
3838,-14.1,22.8
3839,-15.5,24.1
3840,-15.9,24.1
3841,-16.6,24.8
3842,-20.5,24.8
3843,-20.5,24.8
3844,-21.9,26.1
3845,-22.2,26.3
3846,-24.0,28.0
3847,-25.5,29.3
3848,-26.3,31.2
3849,-27.2,30.7
3850,-27.5,30.7
3851,-27.9,31.1
3852,-28.8,31.8
3853,-30.7,32.4
3854,-31.0,34.2
3855,-31.3,34.2
3856,-31.6,33.5
3857,-32.1,31.8
3858,-31.6,31.6
3859,-30.8,30.3
3860,-30.8,29.4
3861,-29.7,26.3
3862,-29.6,25.6
3863,-29.5,23.8
3864,-29.2,22.5
3865,-27.8,20.6
3866,-27.6,20.1
3867,-27.5,17.1
3868,-26.2,16.7
3869,-25.6,14.4
3870,-24.7,13.8
3871,-22.0,12.5
3872,-19.1,10.9
3873,-16.5,10.2
3874,-15.3,10.0
3875,-10.0,9.0
3876,1.0,9.8
3877,3.6,10.3
3878,8.5,10.8
3879,10.9,11.2
3880,17.6,11.8
3881,21.6,13.0
3882,23.2,13.7
3883,25.9,15.0
3884,28.5,16.2
3885,30.2,19.7
3886,31.3,21.0
3887,32.3,23.2
3888,32.6,23.8
3889,33.8,26.2
3890,36.6,25.6
3891,36.7,26.2
3892,34.4,28.2
3893,34.3,29.9
3894,34.7,31.4
3895,34.2,32.3
3896,34.0,32.6
3897,36.1,31.0
3898,31.1,31.2
3899,32.8,30.5
3900,31.2,29.5
3901,27.0,29.3
3902,22.9,29.1
3903,17.5,29.1
3904,12.1,29.1
3905,11.0,27.2
3906,7.5,27.0
3907,6.4,26.8
3908,1.4,26.6
3909,-2.7,26.5
3910,-2.7,26.5
3911,-4.5,26.9
3912,-6.9,26.4
3913,-9.9,26.9
3914,-10.8,26.9
3915,-12.4,26.6
3916,-12.8,26.6
3917,-13.3,26.9
3918,-13.9,26.8
3919,-12.5,26.3
3920,-11.9,26.5
3921,-8.0,26.7
3922,-7.2,26.0
3923,-4.6,25.8
3924,4.2,24.5
3925,10.2,23.8
3926,11.6,24.8
3927,15.3,22.9
3928,20.5,21.6
3929,21.4,21.2
3930,22.0,20.9
3931,24.4,20.3
3932,25.7,18.9
3933,25.7,18.9
3934,25.7,18.9
3935,24.3,16.1
3936,24.4,15.3
3937,25.7,12.8
3938,21.3,13.8
3939,15.9,12.5
3940,13.8,12.0
3941,4.6,11.5
3942,2.0,11.7
3943,-6.0,12.2
3944,-8.3,12.6
3945,-10.3,13.9
3946,-18.5,15.1
3947,-21.1,17.2
3948,-21.1,17.2
3949,-21.1,19.1
3950,-20.8,19.4
3951,-17.6,21.8
3952,-16.7,22.1
3953,-13.2,24.2
3954,-10.3,24.8
3955,-9.1,25.7
3956,-4.1,25.7
3957,-4.1,25.7
3958,2.0,22.5
3959,6.5,21.0
3960,7.4,20.8
3961,8.2,21.3
3962,10.7,18.4
3963,8.8,17.8
3964,8.8,17.8
3965,10.0,15.2
3966,6.5,15.7
3967,2.2,14.4
3968,0.8,14.0
3969,-5.1,13.9
3970,-5.1,13.9
3971,-7.1,14.1
3972,-14.6,15.0
3973,-14.6,15.0
3974,-19.1,16.8
3975,-20.3,18.6
3976,-20.6,18.8
3977,-20.0,21.4
3978,-20.0,21.4
3979,-19.8,21.8
3980,-16.5,24.2
3981,-16.5,24.2
3982,-16.5,24.2
3983,-12.3,26.0
3984,-8.1,27.8
3985,-3.9,29.6
3986,-0.4,29.4
3987,3.1,29.1
3988,6.6,28.9
3989,10.0,28.7
3990,13.5,28.4
3991,17.0,28.2
3992,18.4,27.9
3993,22.6,25.7
3994,22.6,25.7
3995,22.3,25.8
3996,26.5,23.3
3997,26.3,21.3
3998,26.0,19.3
3999,25.8,17.4
4000,25.6,15.4
4001,21.2,13.7
4002,16.9,12.0
4003,7.7,11.1
4004,1.7,11.4
4005,1.7,11.4
4006,-7.0,11.6
4007,-14.5,12.8
4008,-18.5,14.6
4009,-22.5,16.5
4010,-25.9,17.2
4011,-26.2,18.8
4012,-28.3,20.6
4013,-28.3,21.3
4014,-27.5,24.0
4015,-27.1,24.4
4016,-25.2,25.7
4017,-23.6,26.7
4018,-22.8,27.3
4019,-19.7,28.6
4020,-15.9,32.4
4021,-11.9,32.4
4022,-7.9,32.4
4023,-3.9,32.3
4024,0.1,32.3
4025,4.1,32.3
4026,8.1,32.3
4027,10.8,31.9
4028,16.8,27.2
4029,17.8,26.6
4030,18.7,26.6
4031,22.3,22.5
4032,22.7,21.9
4033,24.0,19.3
4034,24.2,18.8
4035,24.6,17.7
4036,23.5,15.5
4037,23.2,14.9
4038,21.7,13.7
4039,20.6,13.3
4040,22.4,12.1
4041,14.8,11.7
4042,6.5,10.7
4043,-0.8,10.9
4044,-0.8,10.9
4045,-9.0,11.6
4046,-10.7,11.9
4047,-12.5,12.1
4048,-17.7,13.4
4049,-19.6,14.3
4050,-22.5,16.4
4051,-22.5,16.4
4052,-22.6,18.2
4053,-22.6,18.5
4054,-22.4,18.9
4055,-22.1,20.2
4056,-22.1,20.4
4057,-22.1,20.3
4058,-21.7,20.3
4059,-21.8,20.2
4060,-21.8,20.1
4061,-22.3,19.4
4062,-22.5,19.5
4063,-23.4,18.8
4064,-23.6,18.8
4065,-24.1,18.3
4066,-24.1,18.3
4067,-24.5,16.9
4068,-24.2,16.2
4069,-24.8,15.3
4070,-21.8,13.6
4071,-20.4,12.9
4072,-17.9,12.1
4073,-17.9,12.1
4074,-10.2,10.8
4075,-6.3,9.7
4076,-3.9,10.2
4077,-3.9,10.2
4078,5.7,10.2
4079,7.2,10.2
4080,12.2,10.5
4081,12.2,10.5
4082,16.3,11.2
4083,20.3,12.3
4084,21.0,12.5
4085,23.2,13.5
4086,23.2,13.5
4087,25.7,15.0
4088,26.1,15.3
4089,27.2,16.3
4090,27.8,17.6
4091,28.0,17.9
4092,28.7,19.1
4093,29.3,20.3
4094,28.4,20.2
4095,28.9,20.8
4096,28.5,21.6
4097,28.5,21.8
4098,28.1,22.4
4099,27.8,23.0
4100,27.6,23.5
4101,27.3,23.9
4102,25.7,24.8
4103,24.9,26.3
4104,24.5,26.4
4105,24.2,26.6
4106,22.2,27.3
4107,20.3,27.2
4108,20.3,27.2
4109,18.5,28.1
4110,18.0,28.4
4111,17.0,28.4
4112,16.0,28.6
4113,14.0,28.9
4114,13.0,29.2
4115,11.8,29.5
4116,9.4,29.9
4117,9.2,30.4
4118,6.5,30.2
4119,6.0,30.0
4120,4.1,30.3
4121,3.5,30.4
4122,2.2,30.3
4123,1.6,30.4
4124,-2.0,30.2
4125,-3.4,30.1
4126,-3.4,30.1
4127,-6.6,30.0
4128,-9.2,30.3
4129,-10.0,30.0
4130,-11.7,29.9
4131,-12.4,29.7
4132,-15.0,29.4
4133,-16.2,28.8
4134,-16.2,28.8
4135,-18.1,28.2
4136,-18.5,28.2
4137,-20.4,27.7
4138,-22.3,27.2
4139,-22.3,27.2
4140,-25.3,26.3
4141,-28.2,24.1
4142,-28.8,23.6
4143,-22.5,22.1
4144,-16.2,20.7
4145,-9.9,19.2
4146,-3.6,17.8
4147,2.7,16.3
4148,9.0,14.9
4149,15.3,13.4
4150,20.1,15.6
4151,24.9,17.8
4152,25.8,17.1
4153,25.7,19.5
4154,23.7,22.6
4155,23.7,22.6
4156,17.5,25.7
4157,12.5,26.0
4158,7.5,26.2
4159,2.4,26.5
4160,-2.6,26.7
4161,-7.6,27.0
4162,-12.6,27.2
4163,-16.6,24.7
4164,-20.6,22.2
4165,-23.8,19.1
4166,-24.5,17.8
4167,-25.3,16.5
4168,-17.9,16.1
4169,-10.5,15.7
4170,-3.1,15.2
4171,4.3,14.8
4172,11.7,14.4
4173,16.2,17.2
4174,15.7,19.0
4175,15.2,20.7
4176,13.9,21.8
4177,8.7,24.2
4178,-1.4,25.8
4179,-6.2,25.8
4180,-11.1,25.9
4181,-12.0,26.4
4182,-18.9,23.3
4183,-18.1,23.1
4184,-21.0,21.0
4185,-23.7,20.2
4186,-20.9,18.0
4187,-21.7,17.4
4188,-20.5,18.1
4189,-8.1,15.0
4190,-0.0,13.4
4191,4.5,15.7
4192,8.1,16.6
4193,9.0,16.8
4194,9.1,17.6
4195,9.0,17.6
4196,8.1,17.6
4197,7.3,17.4
4198,7.5,17.4
4199,7.5,17.3
4200,8.4,17.6
4201,8.1,17.4
4202,8.1,17.4
4203,8.2,17.5
4204,7.5,17.7
4205,7.9,18.1
4206,7.3,19.1
4207,7.3,19.1
4208,6.8,21.4
4209,6.2,24.6
4210,6.1,25.1
4211,5.6,27.2
4212,5.1,27.3
4213,5.1,27.3
4214,4.8,29.1
4215,4.7,29.2
4216,4.0,29.2
4217,4.2,28.9
4218,4.2,28.7
4219,3.9,28.6
4220,3.9,28.6
4221,5.0,29.2
4222,5.1,29.2
4223,4.9,29.2
4224,3.6,28.4
4225,5.4,27.3
4226,5.4,26.8
4227,3.5,25.7
4228,5.4,24.5
4229,3.7,23.5
4230,3.6,22.7
4231,5.9,19.0
4232,5.9,18.2
4233,4.6,14.8
4234,4.6,14.8
4235,2.4,11.6
4236,2.4,11.6
4237,3.4,9.2
4238,3.8,8.7
4239,3.4,8.6
4240,3.4,8.6
4241,3.6,8.6
4242,3.6,8.6
4243,3.8,8.7
4244,3.4,8.6
4245,3.3,8.8
4246,0.2,8.9
4247,0.2,8.9
4248,-3.4,9.6
4249,-3.4,9.6
4250,-4.9,10.0
4251,-18.1,14.8
4252,-25.2,16.5
4253,-27.5,17.6
4254,-29.9,18.8
4255,-29.7,18.9
4256,-29.7,18.9
4257,-31.0,20.4
4258,-31.0,20.4
4259,-31.3,20.3
4260,-31.3,20.3
4261,-30.6,20.0
4262,-30.1,19.7
4263,-29.2,18.7
4264,-27.4,17.8
4265,-27.2,16.3
4266,-24.0,13.5
4267,-23.3,12.7
4268,-21.4,11.5
4269,-17.4,9.8
4270,-16.6,9.4
4271,-13.8,9.0
4272,-13.8,9.0
4273,-13.2,9.1
4274,-13.8,7.8
4275,-7.4,8.0
4276,6.9,10.5
4277,11.7,10.7
4278,22.8,14.2
4279,25.6,16.1
4280,28.4,18.0
4281,31.2,19.9
4282,31.2,19.9
4283,31.9,21.2
4284,32.0,21.2
4285,32.0,20.9
4286,31.3,20.3
4287,28.0,18.0
4288,25.1,16.6
4289,25.1,16.6
4290,17.1,13.8
4291,9.1,11.0
4292,9.4,11.2
4293,5.4,10.6
4294,5.9,10.5
4295,5.9,10.5
4296,6.9,10.8
4297,9.8,12.2
4298,13.7,13.6
4299,16.8,14.9
4300,19.9,16.2
4301,26.2,19.6
4302,26.6,19.8
4303,25.7,19.7
4304,24.5,19.5
4305,14.8,18.9
4306,5.0,18.2
4307,-4.8,17.6
4308,-14.5,17.0
4309,-17.2,17.1
4310,-21.9,17.7
4311,-28.9,18.8
4312,-31.5,19.7
4313,-34.1,19.6
4314,-33.2,19.8
4315,-32.2,19.9
4316,-31.6,19.9
4317,-27.4,19.1
4318,-23.2,18.3
4319,-16.0,18.6
4320,-8.8,18.9
4321,-1.6,19.2
4322,5.5,19.6
4323,12.7,19.9
4324,19.9,20.2
4325,27.1,20.5
4326,28.7,20.9
4327,30.5,21.6
4328,30.5,21.6
4329,27.6,21.8
4330,19.6,22.1
4331,11.7,22.5
4332,3.8,22.8
4333,-4.2,23.1
4334,-12.1,23.5
4335,-20.1,23.8
4336,-28.0,24.2
4337,-36.0,24.5
4338,-36.6,26.1
4339,-35.6,26.6
4340,-35.0,25.9
4341,-31.8,25.7
4342,-26.8,26.0
4343,-21.8,26.2
4344,-16.8,26.5
4345,-11.7,26.7
4346,-6.7,27.0
4347,-1.7,27.2
4348,3.3,27.5
4349,8.3,27.8
4350,13.4,28.0
4351,18.4,28.3
4352,23.4,28.5
4353,28.4,28.8
4354,26.9,28.5
4355,20.5,29.0
4356,14.2,29.6
4357,7.8,30.1
4358,1.4,30.7
4359,-4.9,31.2
4360,-11.3,31.7
4361,-17.7,32.3
4362,-24.1,32.8
4363,-30.4,33.4
4364,-36.8,33.9
4365,-35.8,34.8
4366,-33.5,34.4
4367,-32.4,34.0
4368,-25.6,33.9
4369,-18.7,33.7
4370,-11.9,33.6
4371,-5.0,33.5
4372,1.8,33.3
4373,8.7,33.2
4374,15.5,33.1
4375,22.4,32.9
4376,29.2,32.8
4377,30.9,33.2
4378,32.6,33.5
4379,32.8,33.4
4380,32.7,33.2
4381,32.7,32.9
4382,32.6,32.8
4383,32.6,33.2
4384,32.4,33.1
4385,32.9,33.4
4386,32.6,32.5
4387,32.7,32.4
4388,32.7,32.2
4389,32.9,31.7
4390,32.8,30.2
4391,33.0,29.6
4392,32.3,26.4
4393,31.6,23.2
4394,30.9,20.0
4395,27.3,16.9
4396,23.7,13.9
4397,20.1,10.8
4398,20.1,10.8
4399,11.4,7.9
4400,10.1,7.8
4401,6.7,8.0
4402,4.6,8.2
4403,-5.7,10.3
4404,-8.8,10.1
4405,-13.4,12.5
4406,-17.4,14.3
4407,-21.4,16.0
4408,-25.4,17.8
4409,-29.4,19.5
4410,-33.4,21.3
4411,-33.6,23.7
4412,-33.8,26.0
4413,-34.0,28.4
4414,-34.2,30.8
4415,-34.4,33.1
4416,-34.6,35.5
4417,-34.3,36.2
4418,-34.3,35.8
4419,-35.7,34.5
4420,-34.3,35.7
4421,-28.9,35.3
4422,-23.6,34.8
4423,-18.2,34.4
4424,-12.8,33.9
4425,-7.4,33.5
4426,-2.1,33.0
4427,3.3,32.6
4428,8.7,32.1
4429,14.1,31.7
4430,19.4,31.2
4431,24.8,30.8
4432,27.7,29.9
4433,25.8,30.9
4434,25.7,30.8
4435,25.2,28.4
4436,25.5,27.5
4437,25.7,26.7
4438,24.7,22.2
4439,23.7,17.8
4440,22.2,15.7
4441,20.8,13.6
4442,21.2,13.5
4443,21.2,13.5
4444,21.7,11.6
4445,12.6,13.6
4446,10.0,13.5
4447,-4.7,13.9
4448,-7.7,14.2
4449,-14.8,14.6
4450,-16.4,14.9
4451,-20.4,15.6
4452,-20.7,15.8
4453,-20.0,17.2
4454,-20.0,17.2
4455,-18.4,19.2
4456,-18.1,19.7
4457,-16.8,22.0
4458,-16.5,22.6
4459,-14.9,25.0
4460,-14.9,25.0
4461,-14.1,25.6
4462,-13.8,25.9
4463,-13.3,25.7
4464,-12.3,25.5
4465,-6.2,25.5
4466,-0.2,25.5
4467,5.9,25.4
4468,11.9,25.4
4469,18.0,25.4
4470,20.7,25.4
4471,21.0,25.0
4472,20.5,24.5
4473,20.4,24.8
4474,18.7,21.8
4475,17.6,20.4
4476,16.5,18.5
4477,15.9,15.7
4478,14.4,14.7
4479,14.4,14.7
4480,15.4,13.0
4481,8.2,15.2
4482,5.7,15.3
4483,-1.2,15.5
4484,-8.2,15.6
4485,-13.0,15.7
4486,-18.4,16.1
4487,-18.4,16.1
4488,-18.5,16.5
4489,-16.4,17.4
4490,-16.4,17.4
4491,-15.6,17.7
4492,-13.2,20.0
4493,-12.4,20.9
4494,-12.5,23.4
4495,-12.5,23.4
4496,-10.8,25.0
4497,-10.6,25.1
4498,-9.4,25.3
4499,-8.9,25.2
4500,-5.8,26.7
4501,-2.8,28.1
4502,3.5,25.4
4503,3.5,25.4
4504,12.8,24.6
4505,13.7,24.8
4506,16.1,22.9
4507,14.9,24.3
4508,16.0,22.0
4509,14.1,23.2
4510,14.1,22.8
4511,13.9,20.5
4512,14.1,19.0
4513,14.1,18.4
4514,13.9,15.8
4515,13.9,15.8
4516,14.8,13.2
4517,15.0,12.8
4518,14.9,12.5
4519,16.1,12.1
4520,14.9,12.6
4521,14.5,12.8
4522,12.6,14.9
4523,12.1,15.4
4524,11.5,16.3
4525,10.8,18.4
4526,10.1,20.5
4527,10.0,22.0
4528,7.6,23.2
4529,6.7,23.4
4530,1.3,23.6
4531,-4.1,23.8
4532,-9.5,23.9
4533,-14.9,24.1
4534,-20.1,23.2
4535,-21.7,22.8
4536,-22.0,22.0
4537,-20.6,22.2
4538,-21.8,20.8
4539,-27.2,18.2
4540,-28.3,17.7
4541,-30.1,17.1
4542,-31.2,15.3
4543,-31.2,14.9
4544,-27.1,14.3
4545,-27.2,13.1
4546,-22.1,11.1
4547,-21.4,12.1
4548,-6.1,10.0
4549,-3.3,10.0
4550,5.2,10.1
4551,10.7,11.1
4552,15.2,13.1
4553,19.7,15.0
4554,21.5,14.7
4555,23.5,17.6
4556,25.4,20.5
4557,27.3,23.4
4558,29.3,26.3
4559,28.8,25.9
4560,28.2,26.4
4561,27.5,26.8
4562,24.7,26.7
4563,23.5,26.6
4564,23.5,26.6
4565,15.9,26.7
4566,8.2,26.8
4567,0.6,26.9
4568,-7.0,27.1
4569,-14.6,27.2
4570,-22.3,27.3
4571,-29.9,27.4
4572,-29.9,27.4
4573,-32.7,27.8
4574,-32.5,27.3
4575,-34.4,25.2
4576,-32.2,28.1
4577,-31.5,25.7
4578,-30.8,23.3
4579,-30.0,20.8
4580,-29.3,18.4
4581,-28.6,16.0
4582,-27.9,11.6
4583,-27.9,11.6
4584,-23.6,10.2
4585,-15.8,9.4
4586,-6.2,8.7
4587,-4.7,8.6
4588,-3.7,8.5
4589,3.0,9.1
4590,5.1,9.5
4591,12.7,11.3
4592,15.2,12.1
4593,17.5,14.6
4594,19.8,17.1
4595,22.1,19.6
4596,24.5,22.2
4597,26.8,24.7
4598,29.1,27.2
4599,31.4,29.7
4600,33.7,32.2
4601,34.0,33.6
4602,33.4,33.6
4603,31.9,32.5
4604,31.2,32.5
4605,26.4,32.6
4606,21.7,32.8
4607,16.9,32.9
4608,12.2,33.0
4609,7.4,33.2
4610,2.6,33.3
4611,-2.1,33.4
4612,-6.9,33.5
4613,-11.7,33.7
4614,-16.4,33.8
4615,-21.2,33.9
4616,-25.9,34.1
4617,-30.7,34.2
4618,-31.9,34.4
4619,-33.0,34.8
4620,-34.4,34.8
4621,-34.9,34.7
4622,-36.6,34.8
4623,-36.6,34.8
4624,-35.2,34.9
4625,-35.2,34.9
4626,-34.6,34.1
4627,-33.9,33.7
4628,-33.0,36.0
4629,-32.7,34.3
4630,-32.4,32.6
4631,-31.2,29.6
4632,-30.0,26.6
4633,-28.7,23.7
4634,-27.5,20.7
4635,-25.4,18.1
4636,-24.7,17.6
4637,-21.1,15.0
4638,-18.6,10.7
4639,-16.7,9.8
4640,-12.2,10.1
4641,-11.4,9.9
4642,-7.6,8.8
4643,-10.5,8.0
4644,-7.2,8.3
4645,0.9,8.7
4646,2.8,9.2
4647,6.2,10.7
4648,8.3,11.2
4649,13.8,14.0
4650,19.4,16.9
4651,24.9,19.7
4652,26.0,21.6
4653,27.2,23.5
4654,28.3,25.4
4655,29.5,27.2
4656,30.6,29.1
4657,31.8,31.0
4658,32.3,32.7
4659,32.8,33.1
4660,32.8,33.1
4661,32.5,33.1
4662,31.7,33.3
4663,29.5,31.7
4664,28.8,30.5
4665,24.3,30.7
4666,19.7,30.9
4667,15.2,31.2
4668,10.6,31.4
4669,6.1,31.6
4670,1.5,31.8
4671,-3.0,32.0
4672,-7.5,32.3
4673,-12.1,32.5
4674,-16.6,32.7
4675,-21.2,32.9
4676,-25.7,33.2
4677,-30.3,33.4
4678,-34.8,33.6
4679,-34.8,33.6
4680,-35.6,33.3
4681,-36.0,33.7
4682,-30.0,33.1
4683,-24.0,32.6
4684,-17.9,32.0
4685,-11.9,31.4
4686,-5.9,30.9
4687,0.1,30.3
4688,6.1,29.8
4689,12.1,29.2
4690,18.2,28.6
4691,24.2,28.1
4692,30.2,27.5
4693,31.4,27.5
4694,33.4,27.1
4695,32.3,27.1
4696,31.8,26.7
4697,23.5,26.8
4698,15.2,26.8
4699,6.9,26.9
4700,-1.4,26.9
4701,-9.7,27.0
4702,-18.0,27.0
4703,-26.3,27.1
4704,-34.6,27.1
4705,-35.5,26.9
4706,-37.5,26.9
4707,-37.4,27.3
4708,-37.0,26.9
4709,-35.4,26.3
4710,-33.8,26.0
4711,-32.6,24.8
4712,-31.3,23.2
4713,-31.6,22.3
4714,-30.0,20.5
4715,-30.5,20.3
4716,-27.8,18.8
4717,-27.8,18.8
4718,-27.5,17.7
4719,-25.3,16.3
4720,-24.9,14.9
4721,-23.7,11.4
4722,-20.1,12.6
4723,-17.1,11.8
4724,-14.1,11.2
4725,-14.1,11.2
4726,-1.8,9.3
4727,-1.8,9.3
4728,15.5,10.7
4729,15.5,10.7
4730,22.1,11.9
4731,23.5,12.5
4732,24.5,12.9
4733,27.9,14.9
4734,30.5,14.8
4735,28.5,16.1
4736,31.6,18.9
4737,32.1,19.4
4738,32.5,22.0
4739,32.8,24.6
4740,33.2,27.2
4741,32.7,28.5
4742,32.1,29.8
4743,33.8,29.6
4744,33.8,29.6
4745,31.4,31.1
4746,31.1,30.5
4747,31.1,31.4
4748,30.3,30.6
4749,30.3,30.6
4750,26.7,29.2
4751,23.0,27.9
4752,19.4,26.5
4753,15.8,25.2
4754,12.1,23.9
4755,8.5,22.5
4756,4.8,21.1
4757,1.2,19.8
4758,-7.2,20.2
4759,-15.5,20.6
4760,-23.9,21.0
4761,-27.2,22.7
4762,-30.6,24.4
4763,-32.8,26.1
4764,-34.9,27.8
4765,-34.4,28.8
4766,-34.4,28.8
4767,-32.4,29.8
4768,-24.3,31.5
4769,-20.4,30.8
4770,-16.6,30.0
4771,-12.7,29.3
4772,-8.8,28.6
4773,-5.0,27.9
4774,-1.1,27.2
4775,2.7,26.4
4776,6.6,25.7
4777,7.2,24.7
4778,9.0,22.7
4779,9.9,20.6
4780,9.5,18.7
4781,9.0,18.0
4782,7.0,15.5
4783,6.9,14.9
4784,4.7,12.3
4785,6.7,12.7
4786,5.0,11.3
4787,4.7,11.2
4788,5.0,10.9
4789,4.8,11.1
4790,4.8,11.1
4791,4.3,11.3
4792,4.5,10.4
4793,4.6,10.3
4794,3.9,10.8
4795,3.2,11.0
4796,3.1,11.1
4797,4.0,11.3
4798,1.8,12.3
4799,1.6,12.7
4800,1.5,13.3
4801,1.4,13.8
4802,1.3,15.1
4803,1.3,15.5
4804,1.4,17.1
4805,2.1,18.0
4806,1.7,19.6
4807,1.6,21.0
4808,1.6,21.2
4809,1.6,22.6
4810,1.3,22.8
4811,1.3,24.2
4812,1.3,24.4
4813,1.3,24.6
4814,1.3,24.6
4815,1.1,26.5
4816,-0.4,26.3
4817,-0.8,27.0
4818,-1.1,27.6
4819,-1.1,27.6
4820,-1.2,27.9
4821,-0.4,26.8
4822,-0.4,26.8
4823,-1.8,28.1
4824,-1.7,28.1
4825,-1.7,28.1
4826,-1.9,28.5
4827,-1.8,28.5
4828,-1.7,28.8
4829,-0.5,29.8
4830,-0.8,29.5
4831,-0.7,29.2
4832,-0.5,28.8
4833,-0.1,29.1
4834,-0.3,28.0
4835,-0.0,28.0
4836,-0.1,28.3
4837,0.2,24.9
4838,-0.0,26.3
4839,-0.2,26.1
4840,-0.3,26.0
4841,-0.2,25.0
4842,-0.2,24.4
4843,-0.7,24.1
4844,-0.2,23.4
4845,-0.3,22.8
4846,-0.1,22.7
4847,-0.4,21.8
4848,-0.1,21.1
4849,-0.0,20.3
4850,-0.0,20.3
4851,-0.1,19.7
4852,0.1,17.9
4853,-0.4,17.5
4854,-0.4,17.5
4855,-1.1,15.0
4856,1.5,13.0
4857,-0.9,12.5
4858,2.1,12.1
4859,3.2,10.7
4860,3.7,10.2
4861,5.7,9.3
4862,6.6,9.3
4863,10.5,9.6
4864,13.3,10.0
4865,17.2,10.8
4866,18.1,10.8
4867,20.1,11.1
4868,20.6,11.2
4869,15.7,10.9
4870,13.4,10.8
4871,8.6,10.4
4872,-7.1,10.6
4873,-9.8,10.3
4874,-18.5,11.0
4875,-20.6,11.2
4876,-24.1,11.8
4877,-23.9,11.9
4878,-23.9,11.9
4879,-19.1,12.3
4880,-17.2,12.0
4881,-4.8,12.1
4882,-1.0,12.1
4883,13.0,12.8
4884,13.0,12.8
4885,23.4,14.1
4886,24.1,14.2
4887,23.2,14.4
4888,17.5,13.9
4889,7.6,13.0
4890,2.0,13.2
4891,-6.5,13.2
4892,-10.3,14.2
4893,-17.2,14.1
4894,-19.5,14.1
4895,-24.3,14.9
4896,-23.9,15.3
4897,-20.9,15.2
4898,-12.2,15.0
4899,-12.2,15.0
4900,5.9,15.3
4901,5.9,15.3
4902,13.8,17.0
4903,21.8,18.6
4904,21.8,18.6
4905,28.2,17.6
4906,28.2,17.5
4907,26.2,18.2
4908,24.3,18.4
4909,17.1,18.6
4910,10.6,18.6
4911,4.0,18.6
4912,-2.5,18.6
4913,-9.0,18.5
4914,-15.5,18.5
4915,-22.1,18.5
4916,-28.6,18.5
4917,-30.0,19.3
4918,-31.4,19.4
4919,-29.8,20.0
4920,-29.8,20.0
4921,-24.6,19.8
4922,-18.9,19.6
4923,-13.1,19.5
4924,-6.7,19.6
4925,-0.3,19.7
4926,6.0,19.7
4927,12.4,19.8
4928,18.8,19.9
4929,25.8,21.2
4930,27.5,21.3
4931,30.2,20.4
4932,30.2,20.4
4933,26.4,21.1
4934,25.0,20.7
4935,18.0,20.9
4936,11.1,21.1
4937,4.1,21.3
4938,-2.8,21.5
4939,-9.8,21.7
4940,-16.7,21.9
4941,-23.6,22.1
4942,-30.6,22.3
4943,-33.8,21.5
4944,-33.9,23.3
4945,-33.4,22.4
4946,-31.6,22.4
4947,-31.6,22.4
4948,-26.0,21.5
4949,-23.0,22.4
4950,-17.5,22.5
4951,-12.0,22.7
4952,-6.5,22.8
4953,-1.0,22.9
4954,4.6,23.1
4955,10.1,23.2
4956,15.6,23.3
4957,21.1,23.5
4958,26.6,23.6
4959,29.1,24.4
4960,31.5,25.6
4961,31.3,25.6
4962,29.6,26.2
4963,29.0,26.0
4964,25.1,25.8
4965,24.1,25.3
4966,21.3,27.2
4967,15.2,24.1
4968,15.2,24.1
4969,8.4,23.9
4970,1.5,23.7
4971,-5.3,23.5
4972,-5.3,23.5
4973,-8.3,23.8
4974,-15.3,22.7
4975,-18.2,22.8
4976,-22.5,24.3
4977,-23.5,24.3
4978,-23.5,24.3
4979,-26.0,24.8
4980,-28.6,23.4
4981,-28.3,25.8
4982,-29.0,26.1
4983,-29.0,26.1
4984,-28.7,26.5
4985,-28.6,26.6
4986,-27.3,27.8
4987,-25.7,27.5
4988,-25.2,27.5
4989,-22.6,27.5
4990,-18.0,26.6
4991,-16.9,26.4
4992,-11.9,25.1
4993,-10.4,25.0
4994,-4.4,23.3
4995,-4.4,23.3
4996,4.6,22.5
4997,9.9,22.5
4998,13.8,23.2
4999,14.1,23.1
